1,2,0.8831
1,3,0.9318
1,4,0.9174
1,5,-0.0588
1,6,0.7018
1,7,-0.1506
1,8,-0.2131
1,9,0.9155
1,10,0.7304
1,11,0.5952
1,12,0.5182
1,13,-0.3015
1,14,0.5048
1,15,-0.2736
1,16,-0.3652
1,17,-0.2776
1,18,-0.2013
1,19,-0.0991
1,20,-0.2346
1,21,0.1241
1,22,0.6188
1,23,0.7386
1,24,0.9096
1,25,0.6778
1,26,0.3572
1,27,0.2314
1,28,0.3320
1,29,0.2038
1,30,0.8523
1,31,0.2240
1,32,0.2297
1,33,0.8918
1,34,0.6053
1,35,0.2275
1,36,0.2590
1,37,0.8675
1,38,0.4894
1,39,0.4361
1,40,0.5276
1,41,0.7964
1,42,0.2230
1,43,0.8675
1,44,0.8793
1,45,0.6355
1,46,0.3916
1,47,0.5420
1,48,0.1726
1,49,0.1940
1,50,0.2881
1,51,0.8032
1,52,0.7263
1,53,0.2209
1,54,0.2212
1,55,0.7605
1,56,0.1802
1,57,0.8659
1,58,0.8587
1,59,0.8301
1,60,0.8424
1,61,0.1741
1,62,0.2114
1,63,0.7284
1,64,0.8545
1,65,0.2000
1,66,0.1806
1,67,0.8683
1,68,0.1791
1,69,0.1792
1,70,0.7129
1,71,0.6618
1,72,0.6626
1,73,0.6648
1,74,0.6618
1,75,0.6647
1,76,0.6698
1,77,0.6671
1,78,0.6679
1,79,0.6675
1,80,0.6750
1,81,0.6713
1,82,0.6755
1,83,0.6752
1,84,0.6766
1,85,0.6750
1,86,0.6776
1,87,0.6788
1,88,0.6793
1,89,0.6853
1,90,0.6826
1,91,0.6911
1,92,0.6900
1,93,0.6955
1,94,0.6930
1,95,0.6947
1,96,0.6996
1,97,0.7026
1,98,0.7095
1,99,0.7108
1,100,0.7477
2,3,0.8834
2,4,0.8338
2,5,-0.0711
2,6,0.7403
2,7,-0.1579
2,8,-0.2208
2,9,0.8273
2,10,0.7732
2,11,0.6534
2,12,0.5562
2,13,-0.2611
2,14,0.5407
2,15,-0.2351
2,16,-0.3034
2,17,-0.2482
2,18,-0.1514
2,19,-0.0640
2,20,-0.1948
2,21,0.1139
2,22,0.6545
2,23,0.7906
2,24,0.8174
2,25,0.7335
2,26,0.3664
2,27,0.2062
2,28,0.3440
2,29,0.1820
2,30,0.8027
2,31,0.2354
2,32,0.2002
2,33,0.8267
2,34,0.6547
2,35,0.1985
2,36,0.2169
2,37,0.7955
2,38,0.4922
2,39,0.4763
2,40,0.5595
2,41,0.7703
2,42,0.2374
2,43,0.8035
2,44,0.7862
2,45,0.6332
2,46,0.4130
2,47,0.5520
2,48,0.1765
2,49,0.1708
2,50,0.2495
2,51,0.8167
2,52,0.7797
2,53,0.1926
2,54,0.2185
2,55,0.7438
2,56,0.1952
2,57,0.7768
2,58,0.7643
2,59,0.7831
2,60,0.8016
2,61,0.1652
2,62,0.1910
2,63,0.7057
2,64,0.7984
2,65,0.2030
2,66,0.1649
2,67,0.7914
2,68,0.1603
2,69,0.1708
2,70,0.7374
2,71,0.5806
2,72,0.5840
2,73,0.5844
2,74,0.5821
2,75,0.5861
2,76,0.5884
2,77,0.5872
2,78,0.5884
2,79,0.5887
2,80,0.5959
2,81,0.5917
2,82,0.5949
2,83,0.5943
2,84,0.5975
2,85,0.5945
2,86,0.5965
2,87,0.5968
2,88,0.5982
2,89,0.6026
2,90,0.6022
2,91,0.6084
2,92,0.6087
2,93,0.6120
2,94,0.6090
2,95,0.6137
2,96,0.6172
2,97,0.6184
2,98,0.6264
2,99,0.6273
2,100,0.6600
3,4,0.9288
3,5,-0.0737
3,6,0.7287
3,7,-0.1831
3,8,-0.2313
3,9,0.9137
3,10,0.7401
3,11,0.6170
3,12,0.5470
3,13,-0.2956
3,14,0.5354
3,15,-0.2769
3,16,-0.3564
3,17,-0.2739
3,18,-0.1960
3,19,-0.1002
3,20,-0.2342
3,21,0.1393
3,22,0.6379
3,23,0.7561
3,24,0.9023
3,25,0.6927
3,26,0.3696
3,27,0.2267
3,28,0.3381
3,29,0.1913
3,30,0.8673
3,31,0.2239
3,32,0.2205
3,33,0.9131
3,34,0.6208
3,35,0.2142
3,36,0.2490
3,37,0.8756
3,38,0.4961
3,39,0.4657
3,40,0.5497
3,41,0.8312
3,42,0.2400
3,43,0.8666
3,44,0.8681
3,45,0.6521
3,46,0.3937
3,47,0.5680
3,48,0.1737
3,49,0.1909
3,50,0.2712
3,51,0.8274
3,52,0.7490
3,53,0.2136
3,54,0.2326
3,55,0.7651
3,56,0.1788
3,57,0.8608
3,58,0.8516
3,59,0.8474
3,60,0.8643
3,61,0.1931
3,62,0.2062
3,63,0.7408
3,64,0.8782
3,65,0.2082
3,66,0.1767
3,67,0.8594
3,68,0.1720
3,69,0.1711
3,70,0.7292
3,71,0.6501
3,72,0.6505
3,73,0.6541
3,74,0.6519
3,75,0.6543
3,76,0.6593
3,77,0.6553
3,78,0.6573
3,79,0.6568
3,80,0.6631
3,81,0.6602
3,82,0.6635
3,83,0.6651
3,84,0.6658
3,85,0.6650
3,86,0.6666
3,87,0.6680
3,88,0.6676
3,89,0.6745
3,90,0.6713
3,91,0.6791
3,92,0.6791
3,93,0.6835
3,94,0.6827
3,95,0.6842
3,96,0.6881
3,97,0.6925
3,98,0.6972
3,99,0.6993
3,100,0.7369
4,5,-0.0758
4,6,0.6955
4,7,-0.1825
4,8,-0.2358
4,9,0.9520
4,10,0.6978
4,11,0.5830
4,12,0.5205
4,13,-0.3089
4,14,0.5107
4,15,-0.2910
4,16,-0.3768
4,17,-0.2710
4,18,-0.2128
4,19,-0.1178
4,20,-0.2493
4,21,0.1368
4,22,0.6060
4,23,0.7078
4,24,0.9270
4,25,0.6537
4,26,0.3581
4,27,0.2280
4,28,0.3231
4,29,0.1963
4,30,0.8559
4,31,0.2168
4,32,0.2253
4,33,0.9204
4,34,0.5932
4,35,0.2193
4,36,0.2545
4,37,0.8961
4,38,0.4695
4,39,0.4401
4,40,0.5190
4,41,0.8046
4,42,0.2351
4,43,0.8724
4,44,0.9089
4,45,0.6172
4,46,0.3739
4,47,0.5347
4,48,0.1645
4,49,0.1975
4,50,0.2830
4,51,0.7929
4,52,0.7090
4,53,0.2288
4,54,0.2226
4,55,0.7363
4,56,0.1740
4,57,0.9075
4,58,0.9037
4,59,0.8399
4,60,0.8496
4,61,0.1840
4,62,0.1953
4,63,0.7061
4,64,0.8861
4,65,0.2060
4,66,0.1786
4,67,0.8591
4,68,0.1801
4,69,0.1739
4,70,0.7004
4,71,0.6796
4,72,0.6800
4,73,0.6828
4,74,0.6814
4,75,0.6834
4,76,0.6887
4,77,0.6848
4,78,0.6860
4,79,0.6865
4,80,0.6942
4,81,0.6901
4,82,0.6949
4,83,0.6963
4,84,0.6960
4,85,0.6962
4,86,0.6979
4,87,0.6998
4,88,0.6990
4,89,0.7056
4,90,0.7029
4,91,0.7122
4,92,0.7110
4,93,0.7158
4,94,0.7148
4,95,0.7159
4,96,0.7219
4,97,0.7257
4,98,0.7320
4,99,0.7351
4,100,0.7740
5,6,-0.0660
5,7,0.0860
5,8,0.1074
5,9,-0.0669
5,10,-0.0669
5,11,-0.1063
5,12,-0.0515
5,13,0.1022
5,14,-0.0795
5,15,0.0890
5,16,0.1254
5,17,0.1459
5,18,0.0967
5,19,0.1129
5,20,0.1121
5,21,0.0244
5,22,-0.0532
5,23,-0.0425
5,24,-0.0603
5,25,-0.0503
5,26,-0.0521
5,27,0.0152
5,28,-0.0391
5,29,-0.0069
5,30,-0.0547
5,31,0.0157
5,32,-0.0475
5,33,-0.0650
5,34,-0.0398
5,35,0.0029
5,36,0.0118
5,37,-0.0583
5,38,-0.0338
5,39,-0.0203
5,40,-0.0854
5,41,-0.0758
5,42,-0.0189
5,43,-0.0480
5,44,-0.0525
5,45,-0.0297
5,46,-0.0121
5,47,0.0062
5,48,-0.0393
5,49,-0.0387
5,50,-0.0357
5,51,-0.0668
5,52,-0.0714
5,53,-0.0213
5,54,-0.0626
5,55,-0.0252
5,56,-0.0154
5,57,-0.0643
5,58,-0.0637
5,59,-0.0631
5,60,-0.0711
5,61,-0.0214
5,62,-0.0583
5,63,-0.0496
5,64,-0.0740
5,65,-0.0173
5,66,-0.0185
5,67,-0.0469
5,68,-0.0650
5,69,-0.0404
5,70,-0.0169
5,71,-0.0710
5,72,-0.0711
5,73,-0.0702
5,74,-0.0691
5,75,-0.0693
5,76,-0.0727
5,77,-0.0725
5,78,-0.0713
5,79,-0.0648
5,80,-0.0702
5,81,-0.0691
5,82,-0.0735
5,83,-0.0707
5,84,-0.0736
5,85,-0.0718
5,86,-0.0749
5,87,-0.0686
5,88,-0.0734
5,89,-0.0746
5,90,-0.0729
5,91,-0.0710
5,92,-0.0691
5,93,-0.0719
5,94,-0.0732
5,95,-0.0708
5,96,-0.0727
5,97,-0.0691
5,98,-0.0714
5,99,-0.0688
5,100,-0.0717
6,7,-0.1509
6,8,-0.1890
6,9,0.6990
6,10,0.8044
6,11,0.6892
6,12,0.6778
6,13,-0.2335
6,14,0.6456
6,15,-0.2255
6,16,-0.2809
6,17,-0.2185
6,18,-0.1527
6,19,-0.0849
6,20,-0.1877
6,21,0.0986
6,22,0.7011
6,23,0.7186
6,24,0.6976
6,25,0.7369
6,26,0.4165
6,27,0.2086
6,28,0.3944
6,29,0.1580
6,30,0.7561
6,31,0.2526
6,32,0.1802
6,33,0.7226
6,34,0.6370
6,35,0.1636
6,36,0.1830
6,37,0.6697
6,38,0.5527
6,39,0.5622
6,40,0.6371
6,41,0.7315
6,42,0.2686
6,43,0.7075
6,44,0.6505
6,45,0.7079
6,46,0.4446
6,47,0.6251
6,48,0.2010
6,49,0.1559
6,50,0.2027
6,51,0.7363
6,52,0.7808
6,53,0.1674
6,54,0.2310
6,55,0.7400
6,56,0.1985
6,57,0.6474
6,58,0.6309
6,59,0.7186
6,60,0.6971
6,61,0.1934
6,62,0.1376
6,63,0.7319
6,64,0.6882
6,65,0.2122
6,66,0.1350
6,67,0.7012
6,68,0.1571
6,69,0.1654
6,70,0.7354
6,71,0.4914
6,72,0.4937
6,73,0.4945
6,74,0.4948
6,75,0.4939
6,76,0.4990
6,77,0.4957
6,78,0.4957
6,79,0.4978
6,80,0.5021
6,81,0.4988
6,82,0.5038
6,83,0.4999
6,84,0.5040
6,85,0.5043
6,86,0.5021
6,87,0.5046
6,88,0.5042
6,89,0.5094
6,90,0.5065
6,91,0.5134
6,92,0.5119
6,93,0.5190
6,94,0.5141
6,95,0.5166
6,96,0.5195
6,97,0.5203
6,98,0.5252
6,99,0.5274
6,100,0.5555
7,8,0.1985
7,9,-0.1664
7,10,-0.1606
7,11,-0.2118
7,12,-0.1246
7,13,0.1754
7,14,-0.1421
7,15,0.2654
7,16,0.1960
7,17,0.2053
7,18,0.1782
7,19,0.1455
7,20,0.2121
7,21,-0.0697
7,22,-0.1300
7,23,-0.1070
7,24,-0.1556
7,25,-0.1184
7,26,-0.1095
7,27,-0.0648
7,28,-0.0757
7,29,0.0066
7,30,-0.1491
7,31,-0.0883
7,32,-0.0536
7,33,-0.1660
7,34,-0.1022
7,35,-0.0662
7,36,-0.0313
7,37,-0.1518
7,38,-0.0848
7,39,-0.0603
7,40,-0.1555
7,41,-0.1648
7,42,-0.0388
7,43,-0.1410
7,44,-0.1482
7,45,-0.0926
7,46,-0.0522
7,47,-0.0354
7,48,-0.0460
7,49,-0.1053
7,50,-0.0576
7,51,-0.1617
7,52,-0.1536
7,53,-0.1012
7,54,-0.0880
7,55,-0.1096
7,56,-0.0227
7,57,-0.1495
7,58,-0.1566
7,59,-0.1465
7,60,-0.1624
7,61,-0.0924
7,62,-0.0682
7,63,-0.1173
7,64,-0.1737
7,65,-0.0860
7,66,-0.0764
7,67,-0.1323
7,68,-0.0736
7,69,-0.0634
7,70,-0.0794
7,71,-0.1856
7,72,-0.1900
7,73,-0.1903
7,74,-0.1864
7,75,-0.1879
7,76,-0.1873
7,77,-0.1865
7,78,-0.1900
7,79,-0.1882
7,80,-0.1871
7,81,-0.1878
7,82,-0.1852
7,83,-0.1881
7,84,-0.1831
7,85,-0.1861
7,86,-0.1805
7,87,-0.1851
7,88,-0.1860
7,89,-0.1847
7,90,-0.1842
7,91,-0.1855
7,92,-0.1869
7,93,-0.1860
7,94,-0.1858
7,95,-0.1804
7,96,-0.1865
7,97,-0.1839
7,98,-0.1823
7,99,-0.1814
7,100,-0.1905
8,9,-0.2181
8,10,-0.1909
8,11,-0.2201
8,12,-0.1504
8,13,0.2964
8,14,-0.1673
8,15,0.3136
8,16,0.2852
8,17,0.2838
8,18,0.1791
8,19,0.0569
8,20,0.1388
8,21,-0.1128
8,22,-0.1541
8,23,-0.1607
8,24,-0.2119
8,25,-0.1758
8,26,-0.1335
8,27,-0.1223
8,28,-0.0902
8,29,-0.0489
8,30,-0.1959
8,31,-0.1013
8,32,-0.0911
8,33,-0.2169
8,34,-0.1479
8,35,-0.1079
8,36,-0.1222
8,37,-0.2010
8,38,-0.1061
8,39,-0.1015
8,40,-0.1676
8,41,-0.2041
8,42,-0.0850
8,43,-0.1926
8,44,-0.2030
8,45,-0.1381
8,46,-0.0931
8,47,-0.0861
8,48,-0.0682
8,49,-0.1323
8,50,-0.1344
8,51,-0.2137
8,52,-0.1980
8,53,-0.1529
8,54,-0.0866
8,55,-0.1441
8,56,-0.0733
8,57,-0.2079
8,58,-0.2116
8,59,-0.1927
8,60,-0.1976
8,61,-0.0996
8,62,-0.0933
8,63,-0.1560
8,64,-0.2051
8,65,-0.1044
8,66,-0.1278
8,67,-0.1874
8,68,-0.1170
8,69,-0.1239
8,70,-0.1328
8,71,-0.2374
8,72,-0.2419
8,73,-0.2417
8,74,-0.2374
8,75,-0.2365
8,76,-0.2417
8,77,-0.2399
8,78,-0.2391
8,79,-0.2381
8,80,-0.2433
8,81,-0.2397
8,82,-0.2383
8,83,-0.2413
8,84,-0.2362
8,85,-0.2403
8,86,-0.2364
8,87,-0.2405
8,88,-0.2369
8,89,-0.2377
8,90,-0.2377
8,91,-0.2370
8,92,-0.2365
8,93,-0.2405
8,94,-0.2314
8,95,-0.2338
8,96,-0.2377
8,97,-0.2328
8,98,-0.2367
8,99,-0.2314
8,100,-0.2422
9,10,0.7038
9,11,0.5881
9,12,0.5246
9,13,-0.3105
9,14,0.5144
9,15,-0.2932
9,16,-0.3859
9,17,-0.2788
9,18,-0.2235
9,19,-0.1314
9,20,-0.2538
9,21,0.1413
9,22,0.6108
9,23,0.7162
9,24,0.9300
9,25,0.6582
9,26,0.3608
9,27,0.2329
9,28,0.3198
9,29,0.2017
9,30,0.8572
9,31,0.2200
9,32,0.2310
9,33,0.9128
9,34,0.5944
9,35,0.2250
9,36,0.2604
9,37,0.9008
9,38,0.4726
9,39,0.4435
9,40,0.5216
9,41,0.8060
9,42,0.2293
9,43,0.8812
9,44,0.9135
9,45,0.6229
9,46,0.3772
9,47,0.5421
9,48,0.1633
9,49,0.2003
9,50,0.2905
9,51,0.7880
9,52,0.7139
9,53,0.2304
9,54,0.2280
9,55,0.7437
9,56,0.1755
9,57,0.9124
9,58,0.8977
9,59,0.8462
9,60,0.8500
9,61,0.1924
9,62,0.2132
9,63,0.7067
9,64,0.8819
9,65,0.2078
9,66,0.1815
9,67,0.8834
9,68,0.1852
9,69,0.1785
9,70,0.7049
9,71,0.6799
9,72,0.6793
9,73,0.6828
9,74,0.6811
9,75,0.6827
9,76,0.6872
9,77,0.6849
9,78,0.6849
9,79,0.6859
9,80,0.6929
9,81,0.6886
9,82,0.6940
9,83,0.6956
9,84,0.6950
9,85,0.6947
9,86,0.6965
9,87,0.6990
9,88,0.6986
9,89,0.7054
9,90,0.7027
9,91,0.7096
9,92,0.7105
9,93,0.7148
9,94,0.7141
9,95,0.7158
9,96,0.7216
9,97,0.7246
9,98,0.7304
9,99,0.7329
9,100,0.7716
10,11,0.7255
10,12,0.6485
10,13,-0.2356
10,14,0.6378
10,15,-0.2141
10,16,-0.2635
10,17,-0.2283
10,18,-0.1450
10,19,-0.0855
10,20,-0.1959
10,21,0.0680
10,22,0.7377
10,23,0.7404
10,24,0.6997
10,25,0.7568
10,26,0.4327
10,27,0.1942
10,28,0.3533
10,29,0.1646
10,30,0.7738
10,31,0.2243
10,32,0.1795
10,33,0.7318
10,34,0.6351
10,35,0.1647
10,36,0.1863
10,37,0.6747
10,38,0.6153
10,39,0.5451
10,40,0.6592
10,41,0.7398
10,42,0.2538
10,43,0.7072
10,44,0.6625
10,45,0.7093
10,46,0.4554
10,47,0.5912
10,48,0.1946
10,49,0.1483
10,50,0.2140
10,51,0.7428
10,52,0.7690
10,53,0.1717
10,54,0.2155
10,55,0.7268
10,56,0.1734
10,57,0.6543
10,58,0.6330
10,59,0.7233
10,60,0.7183
10,61,0.1505
10,62,0.1322
10,63,0.7310
10,64,0.6993
10,65,0.1827
10,66,0.1173
10,67,0.7020
10,68,0.1533
10,69,0.1568
10,70,0.6944
10,71,0.4904
10,72,0.4932
10,73,0.4926
10,74,0.4932
10,75,0.4941
10,76,0.4980
10,77,0.4977
10,78,0.4960
10,79,0.4954
10,80,0.5018
10,81,0.4981
10,82,0.5021
10,83,0.4998
10,84,0.5038
10,85,0.5036
10,86,0.5048
10,87,0.5048
10,88,0.5045
10,89,0.5088
10,90,0.5068
10,91,0.5128
10,92,0.5126
10,93,0.5175
10,94,0.5147
10,95,0.5147
10,96,0.5200
10,97,0.5224
10,98,0.5246
10,99,0.5269
10,100,0.5545
11,12,0.6386
11,13,-0.1999
11,14,0.6697
11,15,-0.1776
11,16,-0.1984
11,17,-0.1983
11,18,-0.0923
11,19,-0.0448
11,20,-0.1576
11,21,0.0861
11,22,0.6132
11,23,0.6250
11,24,0.5833
11,25,0.6477
11,26,0.4320
11,27,0.1801
11,28,0.3099
11,29,0.1456
11,30,0.6214
11,31,0.2710
11,32,0.1716
11,33,0.6056
11,34,0.4890
11,35,0.1522
11,36,0.1640
11,37,0.5661
11,38,0.4407
11,39,0.4759
11,40,0.6344
11,41,0.6091
11,42,0.2042
11,43,0.5841
11,44,0.5504
11,45,0.5776
11,46,0.3589
11,47,0.4172
11,48,0.2450
11,49,0.1574
11,50,0.1840
11,51,0.6347
11,52,0.6943
11,53,0.1433
11,54,0.2315
11,55,0.5733
11,56,0.1835
11,57,0.5451
11,58,0.5286
11,59,0.5877
11,60,0.5887
11,61,0.2059
11,62,0.1332
11,63,0.5718
11,64,0.5757
11,65,0.2398
11,66,0.1511
11,67,0.5762
11,68,0.1589
11,69,0.1375
11,70,0.5503
11,71,0.4151
11,72,0.4190
11,73,0.4213
11,74,0.4169
11,75,0.4181
11,76,0.4238
11,77,0.4225
11,78,0.4223
11,79,0.4189
11,80,0.4292
11,81,0.4243
11,82,0.4249
11,83,0.4262
11,84,0.4285
11,85,0.4288
11,86,0.4251
11,87,0.4284
11,88,0.4264
11,89,0.4341
11,90,0.4284
11,91,0.4333
11,92,0.4367
11,93,0.4369
11,94,0.4339
11,95,0.4357
11,96,0.4417
11,97,0.4409
11,98,0.4457
11,99,0.4465
11,100,0.4690
12,13,-0.1768
12,14,0.6897
12,15,-0.1726
12,16,-0.2226
12,17,-0.1698
12,18,-0.1236
12,19,-0.0837
12,20,-0.1474
12,21,0.1092
12,22,0.6507
12,23,0.5853
12,24,0.5228
12,25,0.6225
12,26,0.4503
12,27,0.1559
12,28,0.2421
12,29,0.1499
12,30,0.5745
12,31,0.2277
12,32,0.1558
12,33,0.5414
12,34,0.5745
12,35,0.1213
12,36,0.1483
12,37,0.4971
12,38,0.5337
12,39,0.5601
12,40,0.5836
12,41,0.5567
12,42,0.2984
12,43,0.5353
12,44,0.4862
12,45,0.6136
12,46,0.4485
12,47,0.5110
12,48,0.2259
12,49,0.1365
12,50,0.1748
12,51,0.5562
12,52,0.6139
12,53,0.1280
12,54,0.2324
12,55,0.5819
12,56,0.2016
12,57,0.4872
12,58,0.4745
12,59,0.5419
12,60,0.5181
12,61,0.2159
12,62,0.1269
12,63,0.5577
12,64,0.5163
12,65,0.2141
12,66,0.1381
12,67,0.5153
12,68,0.1219
12,69,0.1483
12,70,0.5945
12,71,0.3696
12,72,0.3719
12,73,0.3727
12,74,0.3723
12,75,0.3733
12,76,0.3762
12,77,0.3750
12,78,0.3702
12,79,0.3723
12,80,0.3788
12,81,0.3779
12,82,0.3803
12,83,0.3790
12,84,0.3773
12,85,0.3786
12,86,0.3778
12,87,0.3805
12,88,0.3813
12,89,0.3848
12,90,0.3813
12,91,0.3874
12,92,0.3857
12,93,0.3917
12,94,0.3869
12,95,0.3842
12,96,0.3903
12,97,0.3915
12,98,0.3949
12,99,0.3929
12,100,0.4178
13,14,-0.1699
13,15,0.3995
13,16,0.3657
13,17,0.2992
13,18,0.2189
13,19,0.0841
13,20,0.1503
13,21,-0.1113
13,22,-0.1976
13,23,-0.2293
13,24,-0.3049
13,25,-0.2126
13,26,-0.1328
13,27,-0.1557
13,28,-0.1341
13,29,-0.1135
13,30,-0.2791
13,31,-0.0913
13,32,-0.2116
13,33,-0.2968
13,34,-0.1952
13,35,-0.1804
13,36,-0.1849
13,37,-0.2822
13,38,-0.1674
13,39,-0.1508
13,40,-0.1804
13,41,-0.2613
13,42,-0.1056
13,43,-0.2813
13,44,-0.2889
13,45,-0.2073
13,46,-0.1240
13,47,-0.1983
13,48,-0.1019
13,49,-0.1848
13,50,-0.2185
13,51,-0.2404
13,52,-0.2210
13,53,-0.2106
13,54,-0.1264
13,55,-0.2379
13,56,-0.0903
13,57,-0.2984
13,58,-0.2904
13,59,-0.2737
13,60,-0.2734
13,61,-0.1290
13,62,-0.1972
13,63,-0.2376
13,64,-0.2828
13,65,-0.1095
13,66,-0.1736
13,67,-0.2785
13,68,-0.1823
13,69,-0.1496
13,70,-0.2293
13,71,-0.3776
13,72,-0.3855
13,73,-0.3807
13,74,-0.3758
13,75,-0.3761
13,76,-0.3847
13,77,-0.3768
13,78,-0.3800
13,79,-0.3785
13,80,-0.3806
13,81,-0.3711
13,82,-0.3788
13,83,-0.3774
13,84,-0.3746
13,85,-0.3736
13,86,-0.3715
13,87,-0.3753
13,88,-0.3735
13,89,-0.3789
13,90,-0.3721
13,91,-0.3720
13,92,-0.3748
13,93,-0.3733
13,94,-0.3664
13,95,-0.3672
13,96,-0.3656
13,97,-0.3648
13,98,-0.3624
13,99,-0.3587
13,100,-0.3716
14,15,-0.1738
14,16,-0.2091
14,17,-0.1654
14,18,-0.1102
14,19,-0.0665
14,20,-0.1496
14,21,0.0935
14,22,0.5933
14,23,0.5895
14,24,0.5125
14,25,0.6175
14,26,0.4807
14,27,0.1524
14,28,0.2938
14,29,0.1477
14,30,0.5650
14,31,0.2567
14,32,0.1307
14,33,0.5326
14,34,0.5112
14,35,0.1525
14,36,0.1453
14,37,0.4885
14,38,0.5132
14,39,0.4818
14,40,0.5984
14,41,0.5414
14,42,0.2382
14,43,0.5175
14,44,0.4760
14,45,0.5521
14,46,0.4818
14,47,0.4762
14,48,0.2197
14,49,0.1232
14,50,0.1683
14,51,0.5520
14,52,0.6204
14,53,0.1344
14,54,0.2113
14,55,0.5494
14,56,0.2221
14,57,0.4763
14,58,0.4622
14,59,0.5308
14,60,0.5081
14,61,0.2136
14,62,0.1115
14,63,0.5302
14,64,0.5044
14,65,0.2270
14,66,0.1462
14,67,0.5096
14,68,0.1349
14,69,0.1517
14,70,0.5478
14,71,0.3632
14,72,0.3640
14,73,0.3638
14,74,0.3651
14,75,0.3670
14,76,0.3694
14,77,0.3671
14,78,0.3657
14,79,0.3662
14,80,0.3706
14,81,0.3710
14,82,0.3721
14,83,0.3741
14,84,0.3725
14,85,0.3731
14,86,0.3695
14,87,0.3738
14,88,0.3722
14,89,0.3769
14,90,0.3756
14,91,0.3801
14,92,0.3775
14,93,0.3834
14,94,0.3778
14,95,0.3768
14,96,0.3833
14,97,0.3830
14,98,0.3904
14,99,0.3860
14,100,0.4100
15,16,0.3896
15,17,0.2426
15,18,0.2733
15,19,0.1011
15,20,0.1640
15,21,-0.1399
15,22,-0.1934
15,23,-0.2087
15,24,-0.2848
15,25,-0.1955
15,26,-0.1241
15,27,-0.1353
15,28,-0.1148
15,29,-0.0934
15,30,-0.2703
15,31,-0.1037
15,32,-0.1615
15,33,-0.2801
15,34,-0.1841
15,35,-0.1629
15,36,-0.1422
15,37,-0.2650
15,38,-0.1563
15,39,-0.1468
15,40,-0.1687
15,41,-0.2449
15,42,-0.1012
15,43,-0.2633
15,44,-0.2745
15,45,-0.2000
15,46,-0.1177
15,47,-0.1881
15,48,-0.0794
15,49,-0.1598
15,50,-0.1673
15,51,-0.2360
15,52,-0.2120
15,53,-0.1871
15,54,-0.1183
15,55,-0.2278
15,56,-0.0761
15,57,-0.2789
15,58,-0.2718
15,59,-0.2640
15,60,-0.2531
15,61,-0.1357
15,62,-0.1668
15,63,-0.2243
15,64,-0.2630
15,65,-0.1203
15,66,-0.1319
15,67,-0.2691
15,68,-0.1594
15,69,-0.1213
15,70,-0.2222
15,71,-0.3473
15,72,-0.3519
15,73,-0.3506
15,74,-0.3482
15,75,-0.3466
15,76,-0.3475
15,77,-0.3471
15,78,-0.3482
15,79,-0.3466
15,80,-0.3499
15,81,-0.3434
15,82,-0.3447
15,83,-0.3474
15,84,-0.3447
15,85,-0.3444
15,86,-0.3383
15,87,-0.3418
15,88,-0.3424
15,89,-0.3456
15,90,-0.3427
15,91,-0.3395
15,92,-0.3390
15,93,-0.3425
15,94,-0.3357
15,95,-0.3379
15,96,-0.3383
15,97,-0.3361
15,98,-0.3374
15,99,-0.3302
15,100,-0.3489
16,17,0.2871
16,18,0.4086
16,19,0.2305
16,20,0.2915
16,21,-0.2060
16,22,-0.2480
16,23,-0.2727
16,24,-0.3764
16,25,-0.2654
16,26,-0.1522
16,27,-0.2305
16,28,-0.1521
16,29,-0.2542
16,30,-0.3517
16,31,-0.1340
16,32,-0.2595
16,33,-0.3625
16,34,-0.2518
16,35,-0.2620
16,36,-0.2999
16,37,-0.3534
16,38,-0.2092
16,39,-0.2033
16,40,-0.2110
16,41,-0.3123
16,42,-0.1601
16,43,-0.3441
16,44,-0.3601
16,45,-0.2863
16,46,-0.1762
16,47,-0.2652
16,48,-0.1140
16,49,-0.2533
16,50,-0.3306
16,51,-0.2927
16,52,-0.2675
16,53,-0.2794
16,54,-0.1503
16,55,-0.3009
16,56,-0.1158
16,57,-0.3651
16,58,-0.3613
16,59,-0.3441
16,60,-0.3182
16,61,-0.1951
16,62,-0.2227
16,63,-0.3026
16,64,-0.3445
16,65,-0.1439
16,66,-0.1987
16,67,-0.3503
16,68,-0.1909
16,69,-0.2041
16,70,-0.2956
16,71,-0.4906
16,72,-0.4975
16,73,-0.4940
16,74,-0.4872
16,75,-0.4866
16,76,-0.4931
16,77,-0.4879
16,78,-0.4880
16,79,-0.4852
16,80,-0.4910
16,81,-0.4882
16,82,-0.4878
16,83,-0.4917
16,84,-0.4826
16,85,-0.4850
16,86,-0.4744
16,87,-0.4866
16,88,-0.4815
16,89,-0.4868
16,90,-0.4768
16,91,-0.4793
16,92,-0.4754
16,93,-0.4798
16,94,-0.4690
16,95,-0.4722
16,96,-0.4702
16,97,-0.4687
16,98,-0.4702
16,99,-0.4569
16,100,-0.4825
17,18,0.1101
17,19,0.1080
17,20,0.1746
17,21,-0.0123
17,22,-0.1888
17,23,-0.2151
17,24,-0.2679
17,25,-0.1986
17,26,-0.1189
17,27,-0.1518
17,28,-0.1210
17,29,-0.0949
17,30,-0.2480
17,31,-0.1042
17,32,-0.1642
17,33,-0.2618
17,34,-0.1784
17,35,-0.1648
17,36,-0.1810
17,37,-0.2568
17,38,-0.1688
17,39,-0.1216
17,40,-0.1631
17,41,-0.2402
17,42,-0.0773
17,43,-0.2502
17,44,-0.2563
17,45,-0.1936
17,46,-0.1322
17,47,-0.1612
17,48,-0.0988
17,49,-0.1774
17,50,-0.1824
17,51,-0.2240
17,52,-0.2093
17,53,-0.1291
17,54,-0.1161
17,55,-0.2226
17,56,-0.0889
17,57,-0.2647
17,58,-0.2590
17,59,-0.2461
17,60,-0.2513
17,61,-0.1049
17,62,-0.1935
17,63,-0.2158
17,64,-0.2589
17,65,-0.0852
17,66,-0.1477
17,67,-0.2489
17,68,-0.1736
17,69,-0.1422
17,70,-0.2066
17,71,-0.3286
17,72,-0.3377
17,73,-0.3307
17,74,-0.3298
17,75,-0.3258
17,76,-0.3347
17,77,-0.3300
17,78,-0.3282
17,79,-0.3310
17,80,-0.3323
17,81,-0.3285
17,82,-0.3302
17,83,-0.3254
17,84,-0.3292
17,85,-0.3274
17,86,-0.3254
17,87,-0.3293
17,88,-0.3296
17,89,-0.3306
17,90,-0.3240
17,91,-0.3280
17,92,-0.3234
17,93,-0.3244
17,94,-0.3220
17,95,-0.3235
17,96,-0.3269
17,97,-0.3207
17,98,-0.3190
17,99,-0.3154
17,100,-0.3271
18,19,0.2643
18,20,0.2325
18,21,-0.1887
18,22,-0.1434
18,23,-0.1499
18,24,-0.2180
18,25,-0.1463
18,26,-0.0769
18,27,-0.1052
18,28,-0.0857
18,29,-0.1138
18,30,-0.2154
18,31,-0.0803
18,32,-0.0920
18,33,-0.2175
18,34,-0.1243
18,35,-0.0898
18,36,-0.1268
18,37,-0.2059
18,38,-0.1246
18,39,-0.1276
18,40,-0.1293
18,41,-0.1905
18,42,-0.0938
18,43,-0.2050
18,44,-0.2098
18,45,-0.1812
18,46,-0.0963
18,47,-0.1696
18,48,-0.0713
18,49,-0.1230
18,50,-0.1025
18,51,-0.1641
18,52,-0.1516
18,53,-0.1290
18,54,-0.0694
18,55,-0.1864
18,56,-0.0482
18,57,-0.2132
18,58,-0.2069
18,59,-0.2126
18,60,-0.1851
18,61,-0.1080
18,62,-0.0696
18,63,-0.1845
18,64,-0.1984
18,65,-0.0916
18,66,-0.0795
18,67,-0.2093
18,68,-0.0586
18,69,-0.0921
18,70,-0.1840
18,71,-0.2444
18,72,-0.2480
18,73,-0.2465
18,74,-0.2412
18,75,-0.2467
18,76,-0.2463
18,77,-0.2430
18,78,-0.2446
18,79,-0.2441
18,80,-0.2442
18,81,-0.2452
18,82,-0.2458
18,83,-0.2491
18,84,-0.2409
18,85,-0.2457
18,86,-0.2390
18,87,-0.2443
18,88,-0.2417
18,89,-0.2446
18,90,-0.2426
18,91,-0.2408
18,92,-0.2398
18,93,-0.2406
18,94,-0.2371
18,95,-0.2375
18,96,-0.2371
18,97,-0.2392
18,98,-0.2450
18,99,-0.2322
18,100,-0.2508
19,20,0.3256
19,21,-0.0929
19,22,-0.0962
19,23,-0.0758
19,24,-0.1185
19,25,-0.0681
19,26,-0.0445
19,27,-0.0712
19,28,-0.0349
19,29,-0.0924
19,30,-0.1292
19,31,-0.0326
19,32,0.0292
19,33,-0.1243
19,34,-0.0572
19,35,-0.0401
19,36,-0.0575
19,37,-0.1174
19,38,-0.0997
19,39,-0.0788
19,40,-0.0825
19,41,-0.1219
19,42,-0.0605
19,43,-0.1187
19,44,-0.1169
19,45,-0.1210
19,46,-0.0449
19,47,-0.1114
19,48,-0.0055
19,49,-0.0333
19,50,-0.0673
19,51,-0.0801
19,52,-0.0764
19,53,-0.0247
19,54,-0.0139
19,55,-0.1185
19,56,-0.0316
19,57,-0.1231
19,58,-0.1186
19,59,-0.1280
19,60,-0.1106
19,61,-0.0603
19,62,-0.0144
19,63,-0.1200
19,64,-0.1142
19,65,-0.0478
19,66,-0.0181
19,67,-0.1246
19,68,0.0198
19,69,-0.0472
19,70,-0.1064
19,71,-0.1294
19,72,-0.1284
19,73,-0.1295
19,74,-0.1280
19,75,-0.1245
19,76,-0.1244
19,77,-0.1240
19,78,-0.1204
19,79,-0.1257
19,80,-0.1235
19,81,-0.1252
19,82,-0.1246
19,83,-0.1294
19,84,-0.1229
19,85,-0.1247
19,86,-0.1230
19,87,-0.1248
19,88,-0.1243
19,89,-0.1197
19,90,-0.1206
19,91,-0.1232
19,92,-0.1194
19,93,-0.1218
19,94,-0.1190
19,95,-0.1199
19,96,-0.1173
19,97,-0.1212
19,98,-0.1224
19,99,-0.1149
19,100,-0.1251
20,21,-0.1281
20,22,-0.1816
20,23,-0.1722
20,24,-0.2381
20,25,-0.1738
20,26,-0.1095
20,27,-0.1351
20,28,-0.0806
20,29,-0.1499
20,30,-0.2302
20,31,-0.0879
20,32,-0.1010
20,33,-0.2427
20,34,-0.1435
20,35,-0.1449
20,36,-0.1813
20,37,-0.2364
20,38,-0.1567
20,39,-0.1258
20,40,-0.1738
20,41,-0.2267
20,42,-0.0894
20,43,-0.2259
20,44,-0.2357
20,45,-0.1916
20,46,-0.0941
20,47,-0.1533
20,48,-0.0604
20,49,-0.1075
20,50,-0.2232
20,51,-0.1939
20,52,-0.1789
20,53,-0.1591
20,54,-0.0658
20,55,-0.2048
20,56,-0.0730
20,57,-0.2425
20,58,-0.2326
20,59,-0.2296
20,60,-0.2282
20,61,-0.0935
20,62,-0.0494
20,63,-0.2003
20,64,-0.2334
20,65,-0.0842
20,66,-0.1001
20,67,-0.2297
20,68,-0.0446
20,69,-0.1358
20,70,-0.1797
20,71,-0.2905
20,72,-0.2966
20,73,-0.2943
20,74,-0.2898
20,75,-0.2881
20,76,-0.2930
20,77,-0.2903
20,78,-0.2871
20,79,-0.2855
20,80,-0.2856
20,81,-0.2879
20,82,-0.2845
20,83,-0.2868
20,84,-0.2830
20,85,-0.2866
20,86,-0.2798
20,87,-0.2850
20,88,-0.2867
20,89,-0.2809
20,90,-0.2759
20,91,-0.2807
20,92,-0.2745
20,93,-0.2778
20,94,-0.2756
20,95,-0.2734
20,96,-0.2724
20,97,-0.2716
20,98,-0.2692
20,99,-0.2605
20,100,-0.2798
21,22,0.1151
21,23,0.1131
21,24,0.1408
21,25,0.0937
21,26,0.0880
21,27,0.1488
21,28,0.1033
21,29,0.1798
21,30,0.1044
21,31,0.2029
21,32,0.1286
21,33,0.1329
21,34,0.1291
21,35,0.1729
21,36,0.1923
21,37,0.1313
21,38,0.0542
21,39,0.1653
21,40,0.0892
21,41,0.0945
21,42,0.1395
21,43,0.1291
21,44,0.1315
21,45,0.1302
21,46,0.0964
21,47,0.1302
21,48,0.0673
21,49,0.1831
21,50,0.2298
21,51,0.1032
21,52,0.1338
21,53,0.1831
21,54,0.2618
21,55,0.1282
21,56,0.2033
21,57,0.1350
21,58,0.1296
21,59,0.1287
21,60,0.1231
21,61,0.2749
21,62,0.3449
21,63,0.0772
21,64,0.1264
21,65,0.2087
21,66,0.0934
21,67,0.1283
21,68,0.0602
21,69,0.1201
21,70,0.1272
21,71,0.1875
21,72,0.1907
21,73,0.1908
21,74,0.1832
21,75,0.1821
21,76,0.1906
21,77,0.1865
21,78,0.1852
21,79,0.1863
21,80,0.1888
21,81,0.1839
21,82,0.1831
21,83,0.1901
21,84,0.1795
21,85,0.1817
21,86,0.1798
21,87,0.1849
21,88,0.1824
21,89,0.1848
21,90,0.1789
21,91,0.1810
21,92,0.1758
21,93,0.1777
21,94,0.1768
21,95,0.1781
21,96,0.1737
21,97,0.1731
21,98,0.1802
21,99,0.1685
21,100,0.1797
22,23,0.6798
22,24,0.6149
22,25,0.7003
22,26,0.4602
22,27,0.1307
22,28,0.2904
22,29,0.1315
22,30,0.6820
22,31,0.1464
22,32,0.1365
22,33,0.6379
22,34,0.6378
22,35,0.1590
22,36,0.1638
22,37,0.5871
22,38,0.5444
22,39,0.5549
22,40,0.6635
22,41,0.6473
22,42,0.2396
22,43,0.6136
22,44,0.5739
22,45,0.6452
22,46,0.4418
22,47,0.5407
22,48,0.1986
22,49,0.1168
22,50,0.1801
22,51,0.6662
22,52,0.6716
22,53,0.1420
22,54,0.2140
22,55,0.6599
22,56,0.1570
22,57,0.5662
22,58,0.5500
22,59,0.6435
22,60,0.6164
22,61,0.1734
22,62,0.1214
22,63,0.6519
22,64,0.6102
22,65,0.1647
22,66,0.1259
22,67,0.6125
22,68,0.0868
22,69,0.1298
22,70,0.6253
22,71,0.4215
22,72,0.4236
22,73,0.4257
22,74,0.4262
22,75,0.4252
22,76,0.4302
22,77,0.4270
22,78,0.4225
22,79,0.4271
22,80,0.4319
22,81,0.4280
22,82,0.4353
22,83,0.4305
22,84,0.4330
22,85,0.4324
22,86,0.4337
22,87,0.4357
22,88,0.4326
22,89,0.4401
22,90,0.4344
22,91,0.4408
22,92,0.4429
22,93,0.4428
22,94,0.4398
22,95,0.4445
22,96,0.4472
22,97,0.4474
22,98,0.4538
22,99,0.4536
22,100,0.4786
23,24,0.7149
23,25,0.7538
23,26,0.3622
23,27,0.1954
23,28,0.4078
23,29,0.1499
23,30,0.7641
23,31,0.2470
23,32,0.1662
23,33,0.7429
23,34,0.6690
23,35,0.1698
23,36,0.1793
23,37,0.6865
23,38,0.5265
23,39,0.5243
23,40,0.5434
23,41,0.7290
23,42,0.2391
23,43,0.7246
23,44,0.6722
23,45,0.6717
23,46,0.4628
23,47,0.6278
23,48,0.1935
23,49,0.1275
23,50,0.1965
23,51,0.7474
23,52,0.7663
23,53,0.1497
23,54,0.2425
23,55,0.7604
23,56,0.1968
23,57,0.6654
23,58,0.6427
23,59,0.7388
23,60,0.7222
23,61,0.1857
23,62,0.1606
23,63,0.7108
23,64,0.7041
23,65,0.2014
23,66,0.1454
23,67,0.7200
23,68,0.1430
23,69,0.1475
23,70,0.7454
23,71,0.4912
23,72,0.4934
23,73,0.4918
23,74,0.4936
23,75,0.4941
23,76,0.4963
23,77,0.4953
23,78,0.4954
23,79,0.4946
23,80,0.5009
23,81,0.4990
23,82,0.5013
23,83,0.5003
23,84,0.5032
23,85,0.5007
23,86,0.5035
23,87,0.5057
23,88,0.5039
23,89,0.5094
23,90,0.5055
23,91,0.5116
23,92,0.5127
23,93,0.5147
23,94,0.5127
23,95,0.5189
23,96,0.5194
23,97,0.5220
23,98,0.5293
23,99,0.5295
23,100,0.5571
24,25,0.6580
24,26,0.3602
24,27,0.2276
24,28,0.3096
24,29,0.1945
24,30,0.8492
24,31,0.2134
24,32,0.2160
24,33,0.9037
24,34,0.5976
24,35,0.2174
24,36,0.2462
24,37,0.8762
24,38,0.4723
24,39,0.4442
24,40,0.5239
24,41,0.7877
24,42,0.2194
24,43,0.8653
24,44,0.8970
24,45,0.6199
24,46,0.3723
24,47,0.5422
24,48,0.1607
24,49,0.1833
24,50,0.2774
24,51,0.7877
24,52,0.7116
24,53,0.2169
24,54,0.2245
24,55,0.7459
24,56,0.1691
24,57,0.9013
24,58,0.8890
24,59,0.8322
24,60,0.8316
24,61,0.1829
24,62,0.1985
24,63,0.7028
24,64,0.8612
24,65,0.2064
24,66,0.1714
24,67,0.8672
24,68,0.1733
24,69,0.1647
24,70,0.7054
24,71,0.6672
24,72,0.6681
24,73,0.6706
24,74,0.6677
24,75,0.6707
24,76,0.6748
24,77,0.6717
24,78,0.6744
24,79,0.6735
24,80,0.6808
24,81,0.6771
24,82,0.6832
24,83,0.6829
24,84,0.6833
24,85,0.6830
24,86,0.6847
24,87,0.6865
24,88,0.6861
24,89,0.6925
24,90,0.6896
24,91,0.6985
24,92,0.6996
24,93,0.7031
24,94,0.7021
24,95,0.7036
24,96,0.7097
24,97,0.7130
24,98,0.7194
24,99,0.7218
24,100,0.7601
25,26,0.4064
25,27,0.1768
25,28,0.3119
25,29,0.1584
25,30,0.7185
25,31,0.2297
25,32,0.1663
25,33,0.6794
25,34,0.6673
25,35,0.1610
25,36,0.1731
25,37,0.6322
25,38,0.5132
25,39,0.5249
25,40,0.5793
25,41,0.6835
25,42,0.2470
25,43,0.6616
25,44,0.6190
25,45,0.6807
25,46,0.4548
25,47,0.5380
25,48,0.2000
25,49,0.1357
25,50,0.1884
25,51,0.7132
25,52,0.7408
25,53,0.1548
25,54,0.1992
25,55,0.6853
25,56,0.2014
25,57,0.6090
25,58,0.5943
25,59,0.6829
25,60,0.6610
25,61,0.1627
25,62,0.1135
25,63,0.6593
25,64,0.6560
25,65,0.1789
25,66,0.1039
25,67,0.6622
25,68,0.1398
25,69,0.1535
25,70,0.7070
25,71,0.4508
25,72,0.4541
25,73,0.4524
25,74,0.4529
25,75,0.4571
25,76,0.4584
25,77,0.4562
25,78,0.4531
25,79,0.4555
25,80,0.4613
25,81,0.4589
25,82,0.4635
25,83,0.4623
25,84,0.4625
25,85,0.4632
25,86,0.4622
25,87,0.4639
25,88,0.4623
25,89,0.4685
25,90,0.4669
25,91,0.4722
25,92,0.4737
25,93,0.4741
25,94,0.4712
25,95,0.4730
25,96,0.4795
25,97,0.4795
25,98,0.4885
25,99,0.4860
25,100,0.5125
26,27,0.1233
26,28,0.1883
26,29,0.1179
26,30,0.4053
26,31,0.2301
26,32,0.0939
26,33,0.3709
26,34,0.4268
26,35,0.1576
26,36,0.1311
26,37,0.3342
26,38,0.2655
26,39,0.3253
26,40,0.3775
26,41,0.3436
26,42,0.1997
26,43,0.3622
26,44,0.3301
26,45,0.3301
26,46,0.3423
26,47,0.3186
26,48,0.0719
26,49,0.0898
26,50,0.1370
26,51,0.3854
26,52,0.4128
26,53,0.1218
26,54,0.1483
26,55,0.3440
26,56,0.1620
26,57,0.3351
26,58,0.3268
26,59,0.3626
26,60,0.3461
26,61,0.1451
26,62,0.0765
26,63,0.3311
26,64,0.3422
26,65,0.2160
26,66,0.1760
26,67,0.3601
26,68,0.0962
26,69,0.1226
26,70,0.3172
26,71,0.2568
26,72,0.2591
26,73,0.2599
26,74,0.2603
26,75,0.2600
26,76,0.2612
26,77,0.2592
26,78,0.2607
26,79,0.2604
26,80,0.2611
26,81,0.2615
26,82,0.2621
26,83,0.2671
26,84,0.2658
26,85,0.2620
26,86,0.2653
26,87,0.2664
26,88,0.2644
26,89,0.2684
26,90,0.2663
26,91,0.2697
26,92,0.2677
26,93,0.2731
26,94,0.2666
26,95,0.2692
26,96,0.2722
26,97,0.2701
26,98,0.2768
26,99,0.2727
26,100,0.2905
27,28,0.1895
27,29,0.2353
27,30,0.1992
27,31,0.2308
27,32,0.2458
27,33,0.2193
27,34,0.1445
27,35,0.2507
27,36,0.3517
27,37,0.2108
27,38,0.1181
27,39,0.1838
27,40,0.1898
27,41,0.1629
27,42,0.1517
27,43,0.1980
27,44,0.2159
27,45,0.1938
27,46,0.1007
27,47,0.1889
27,48,0.1050
27,49,0.2335
27,50,0.3257
27,51,0.1963
27,52,0.1917
27,53,0.2255
27,54,0.1877
27,55,0.1602
27,56,0.1096
27,57,0.2216
27,58,0.2140
27,59,0.2025
27,60,0.1798
27,61,0.1512
27,62,0.1915
27,63,0.1509
27,64,0.1793
27,65,0.1447
27,66,0.1585
27,67,0.2015
27,68,0.3283
27,69,0.1810
27,70,0.1786
27,71,0.3034
27,72,0.3157
27,73,0.3118
27,74,0.3032
27,75,0.3010
27,76,0.3059
27,77,0.3040
27,78,0.3061
27,79,0.3007
27,80,0.3048
27,81,0.3042
27,82,0.3020
27,83,0.3056
27,84,0.3035
27,85,0.3027
27,86,0.2986
27,87,0.3019
27,88,0.3017
27,89,0.3067
27,90,0.2969
27,91,0.3021
27,92,0.2929
27,93,0.2984
27,94,0.2934
27,95,0.2920
27,96,0.2940
27,97,0.2919
27,98,0.2896
27,99,0.2833
27,100,0.2984
28,29,0.0799
28,30,0.3477
28,31,0.0933
28,32,0.1246
28,33,0.3397
28,34,0.3578
28,35,0.1044
28,36,0.1227
28,37,0.3012
28,38,0.2515
28,39,0.3303
28,40,0.3466
28,41,0.3242
28,42,0.1996
28,43,0.3255
28,44,0.3042
28,45,0.3309
28,46,0.2071
28,47,0.3595
28,48,0.1579
28,49,0.1397
28,50,0.1214
28,51,0.3482
28,52,0.3951
28,53,0.1151
28,54,0.1571
28,55,0.3455
28,56,0.1161
28,57,0.3058
28,58,0.2917
28,59,0.3297
28,60,0.3067
28,61,0.1652
28,62,0.1583
28,63,0.3720
28,64,0.3073
28,65,0.0852
28,66,0.1005
28,67,0.3172
28,68,0.1706
28,69,0.0883
28,70,0.3189
28,71,0.2439
28,72,0.2467
28,73,0.2433
28,74,0.2426
28,75,0.2409
28,76,0.2451
28,77,0.2421
28,78,0.2415
28,79,0.2441
28,80,0.2478
28,81,0.2483
28,82,0.2428
28,83,0.2488
28,84,0.2470
28,85,0.2491
28,86,0.2451
28,87,0.2471
28,88,0.2499
28,89,0.2484
28,90,0.2478
28,91,0.2493
28,92,0.2515
28,93,0.2555
28,94,0.2542
28,95,0.2538
28,96,0.2543
28,97,0.2544
28,98,0.2561
28,99,0.2519
28,100,0.2687
29,30,0.1701
29,31,0.1876
29,32,0.3125
29,33,0.1871
29,34,0.1078
29,35,0.3413
29,36,0.3619
29,37,0.1841
29,38,0.1255
29,39,0.1078
29,40,0.1285
29,41,0.1642
29,42,0.1709
29,43,0.1754
29,44,0.1895
29,45,0.1607
29,46,0.1067
29,47,0.1152
29,48,0.1220
29,49,0.3074
29,50,0.4161
29,51,0.1554
29,52,0.1426
29,53,0.3213
29,54,0.1958
29,55,0.1651
29,56,0.1936
29,57,0.1884
29,58,0.1885
29,59,0.1754
29,60,0.1768
29,61,0.1065
29,62,0.1991
29,63,0.1653
29,64,0.1749
29,65,0.1545
29,66,0.1613
29,67,0.1807
29,68,0.1583
29,69,0.2125
29,70,0.1363
29,71,0.2971
29,72,0.2998
29,73,0.2958
29,74,0.2873
29,75,0.2895
29,76,0.2950
29,77,0.2896
29,78,0.2899
29,79,0.2882
29,80,0.2882
29,81,0.2910
29,82,0.2887
29,83,0.2934
29,84,0.2886
29,85,0.2879
29,86,0.2827
29,87,0.2838
29,88,0.2852
29,89,0.2892
29,90,0.2822
29,91,0.2871
29,92,0.2793
29,93,0.2824
29,94,0.2795
29,95,0.2769
29,96,0.2778
29,97,0.2731
29,98,0.2752
29,99,0.2662
29,100,0.2790
30,31,0.1820
30,32,0.1943
30,33,0.8801
30,34,0.6379
30,35,0.1911
30,36,0.2154
30,37,0.8225
30,38,0.5297
30,39,0.4827
30,40,0.5852
30,41,0.8375
30,42,0.2426
30,43,0.8449
30,44,0.8080
30,45,0.6902
30,46,0.4010
30,47,0.5927
30,48,0.1738
30,49,0.1564
30,50,0.2361
30,51,0.8124
30,52,0.7534
30,53,0.1878
30,54,0.1890
30,55,0.7886
30,56,0.1656
30,57,0.7970
30,58,0.7789
30,59,0.8708
30,60,0.8254
30,61,0.1657
30,62,0.1412
30,63,0.7808
30,64,0.8426
30,65,0.1811
30,66,0.1618
30,67,0.8430
30,68,0.1607
30,69,0.1569
30,70,0.7406
30,71,0.5884
30,72,0.5881
30,73,0.5914
30,74,0.5908
30,75,0.5915
30,76,0.5947
30,77,0.5912
30,78,0.5901
30,79,0.5919
30,80,0.5992
30,81,0.5955
30,82,0.5994
30,83,0.5994
30,84,0.6004
30,85,0.6006
30,86,0.6023
30,87,0.6062
30,88,0.6041
30,89,0.6090
30,90,0.6068
30,91,0.6135
30,92,0.6128
30,93,0.6193
30,94,0.6162
30,95,0.6179
30,96,0.6238
30,97,0.6269
30,98,0.6321
30,99,0.6339
30,100,0.6678
31,32,0.1252
31,33,0.2166
31,34,0.1983
31,35,0.1964
31,36,0.1724
31,37,0.1997
31,38,0.0673
31,39,0.1401
31,40,0.1218
31,41,0.1893
31,42,0.1489
31,43,0.2144
31,44,0.2009
31,45,0.1960
31,46,0.2626
31,47,0.1584
31,48,0.1050
31,49,0.1625
31,50,0.1551
31,51,0.2112
31,52,0.2394
31,53,0.1278
31,54,0.2282
31,55,0.2110
31,56,0.3718
31,57,0.2055
31,58,0.1956
31,59,0.2078
31,60,0.2050
31,61,0.1631
31,62,0.1973
31,63,0.1394
31,64,0.2013
31,65,0.3913
31,66,0.0932
31,67,0.2088
31,68,0.1434
31,69,0.1430
31,70,0.2316
31,71,0.2034
31,72,0.2055
31,73,0.2045
31,74,0.2020
31,75,0.1991
31,76,0.2078
31,77,0.2039
31,78,0.2018
31,79,0.2051
31,80,0.2056
31,81,0.2013
31,82,0.2053
31,83,0.2064
31,84,0.2068
31,85,0.2066
31,86,0.2024
31,87,0.2049
31,88,0.2079
31,89,0.2092
31,90,0.2070
31,91,0.2071
31,92,0.2028
31,93,0.2061
31,94,0.2042
31,95,0.2015
31,96,0.2047
31,97,0.2035
31,98,0.2078
31,99,0.2026
31,100,0.2143
32,33,0.1880
32,34,0.1253
32,35,0.3204
32,36,0.3947
32,37,0.2060
32,38,0.1424
32,39,0.1462
32,40,0.1548
32,41,0.1811
32,42,0.1307
32,43,0.2036
32,44,0.2170
32,45,0.1695
32,46,0.1084
32,47,0.1295
32,48,0.1482
32,49,0.3479
32,50,0.4020
32,51,0.1695
32,52,0.1718
32,53,0.3651
32,54,0.2021
32,55,0.1831
32,56,0.1191
32,57,0.2198
32,58,0.2195
32,59,0.1920
32,60,0.1981
32,61,0.1717
32,62,0.3148
32,63,0.1815
32,64,0.2034
32,65,0.1465
32,66,0.2186
32,67,0.1984
32,68,0.2468
32,69,0.2862
32,70,0.1719
32,71,0.3418
32,72,0.3505
32,73,0.3447
32,74,0.3354
32,75,0.3396
32,76,0.3437
32,77,0.3408
32,78,0.3403
32,79,0.3357
32,80,0.3393
32,81,0.3391
32,82,0.3366
32,83,0.3416
32,84,0.3329
32,85,0.3376
32,86,0.3339
32,87,0.3363
32,88,0.3342
32,89,0.3435
32,90,0.3302
32,91,0.3354
32,92,0.3296
32,93,0.3339
32,94,0.3273
32,95,0.3269
32,96,0.3292
32,97,0.3258
32,98,0.3206
32,99,0.3169
32,100,0.3273
33,34,0.6257
33,35,0.2058
33,36,0.2350
33,37,0.8838
33,38,0.4949
33,39,0.4565
33,40,0.5466
33,41,0.8244
33,42,0.2352
33,43,0.8708
33,44,0.8721
33,45,0.6501
33,46,0.3911
33,47,0.5642
33,48,0.1646
33,49,0.1762
33,50,0.2630
33,51,0.8084
33,52,0.7355
33,53,0.2074
33,54,0.2214
33,55,0.7649
33,56,0.1747
33,57,0.8639
33,58,0.8475
33,59,0.8616
33,60,0.8582
33,61,0.1818
33,62,0.1908
33,63,0.7414
33,64,0.8825
33,65,0.2028
33,66,0.1667
33,67,0.8612
33,68,0.1704
33,69,0.1564
33,70,0.7189
33,71,0.6361
33,72,0.6355
33,73,0.6385
33,74,0.6381
33,75,0.6391
33,76,0.6447
33,77,0.6401
33,78,0.6403
33,79,0.6418
33,80,0.6490
33,81,0.6447
33,82,0.6502
33,83,0.6502
33,84,0.6502
33,85,0.6495
33,86,0.6527
33,87,0.6550
33,88,0.6526
33,89,0.6594
33,90,0.6579
33,91,0.6650
33,92,0.6663
33,93,0.6701
33,94,0.6680
33,95,0.6704
33,96,0.6752
33,97,0.6794
33,98,0.6847
33,99,0.6879
33,100,0.7243
34,35,0.1589
34,36,0.1617
34,37,0.5641
34,38,0.4551
34,39,0.5173
34,40,0.5014
34,41,0.5927
34,42,0.2950
34,43,0.5957
34,44,0.5619
34,45,0.5790
34,46,0.4829
34,47,0.4938
34,48,0.1009
34,49,0.1233
34,50,0.1734
34,51,0.6372
34,52,0.6550
34,53,0.1398
34,54,0.1807
34,55,0.6267
34,56,0.1661
34,57,0.5544
34,58,0.5396
34,59,0.6209
34,60,0.5748
34,61,0.1758
34,62,0.1418
34,63,0.6143
34,64,0.5847
34,65,0.2315
34,66,0.1506
34,67,0.5995
34,68,0.0952
34,69,0.1266
34,70,0.6269
34,71,0.4156
34,72,0.4169
34,73,0.4170
34,74,0.4174
34,75,0.4203
34,76,0.4206
34,77,0.4189
34,78,0.4185
34,79,0.4200
34,80,0.4233
34,81,0.4237
34,82,0.4250
34,83,0.4232
34,84,0.4255
34,85,0.4240
34,86,0.4258
34,87,0.4268
34,88,0.4272
34,89,0.4323
34,90,0.4262
34,91,0.4361
34,92,0.4326
34,93,0.4371
34,94,0.4333
34,95,0.4364
34,96,0.4393
34,97,0.4395
34,98,0.4463
34,99,0.4436
34,100,0.4707
35,36,0.3902
35,37,0.2011
35,38,0.1161
35,39,0.0925
35,40,0.1175
35,41,0.1620
35,42,0.1107
35,43,0.1934
35,44,0.2138
35,45,0.1295
35,46,0.1468
35,47,0.1396
35,48,0.1076
35,49,0.2451
35,50,0.4104
35,51,0.1736
35,52,0.1602
35,53,0.3503
35,54,0.1557
35,55,0.1688
35,56,0.2223
35,57,0.2139
35,58,0.2096
35,59,0.1891
35,60,0.1901
35,61,0.1388
35,62,0.2181
35,63,0.1471
35,64,0.1960
35,65,0.1375
35,66,0.1923
35,67,0.1947
35,68,0.1736
35,69,0.1932
35,70,0.1615
35,71,0.3216
35,72,0.3253
35,73,0.3232
35,74,0.3165
35,75,0.3170
35,76,0.3241
35,77,0.3190
35,78,0.3223
35,79,0.3180
35,80,0.3161
35,81,0.3163
35,82,0.3158
35,83,0.3204
35,84,0.3162
35,85,0.3122
35,86,0.3066
35,87,0.3174
35,88,0.3152
35,89,0.3172
35,90,0.3090
35,91,0.3156
35,92,0.3075
35,93,0.3103
35,94,0.3092
35,95,0.3076
35,96,0.3027
35,97,0.3036
35,98,0.3021
35,99,0.2935
35,100,0.3069
36,37,0.2343
36,38,0.1321
36,39,0.1209
36,40,0.1631
36,41,0.2037
36,42,0.1269
36,43,0.2222
36,44,0.2467
36,45,0.1775
36,46,0.1221
36,47,0.1554
36,48,0.1583
36,49,0.3054
36,50,0.4560
36,51,0.1926
36,52,0.1717
36,53,0.3906
36,54,0.1727
36,55,0.1918
36,56,0.1334
36,57,0.2492
36,58,0.2451
36,59,0.2177
36,60,0.2208
36,61,0.1648
36,62,0.2976
36,63,0.1752
36,64,0.2230
36,65,0.1516
36,66,0.2320
36,67,0.2200
36,68,0.2119
36,69,0.2540
36,70,0.1729
36,71,0.3827
36,72,0.3942
36,73,0.3904
36,74,0.3782
36,75,0.3782
36,76,0.3894
36,77,0.3798
36,78,0.3817
36,79,0.3790
36,80,0.3816
36,81,0.3805
36,82,0.3791
36,83,0.3830
36,84,0.3771
36,85,0.3752
36,86,0.3727
36,87,0.3806
36,88,0.3786
36,89,0.3818
36,90,0.3696
36,91,0.3766
36,92,0.3682
36,93,0.3709
36,94,0.3672
36,95,0.3655
36,96,0.3664
36,97,0.3618
36,98,0.3575
36,99,0.3506
36,100,0.3661
37,38,0.4553
37,39,0.4268
37,40,0.5014
37,41,0.7810
37,42,0.2239
37,43,0.8392
37,44,0.8572
37,45,0.6027
37,46,0.3614
37,47,0.5226
37,48,0.1613
37,49,0.1796
37,50,0.2660
37,51,0.7564
37,52,0.6822
37,53,0.2068
37,54,0.2020
37,55,0.7158
37,56,0.1681
37,57,0.8527
37,58,0.8368
37,59,0.8144
37,60,0.8186
37,61,0.1796
37,62,0.1942
37,63,0.6908
37,64,0.8446
37,65,0.1915
37,66,0.1611
37,67,0.8347
37,68,0.1606
37,69,0.1645
37,70,0.6715
37,71,0.6286
37,72,0.6269
37,73,0.6296
37,74,0.6274
37,75,0.6296
37,76,0.6364
37,77,0.6305
37,78,0.6309
37,79,0.6307
37,80,0.6395
37,81,0.6366
37,82,0.6410
37,83,0.6397
37,84,0.6390
37,85,0.6410
37,86,0.6431
37,87,0.6463
37,88,0.6429
37,89,0.6510
37,90,0.6481
37,91,0.6569
37,92,0.6551
37,93,0.6597
37,94,0.6592
37,95,0.6607
37,96,0.6665
37,97,0.6679
37,98,0.6741
37,99,0.6766
37,100,0.7145
38,39,0.4064
38,40,0.5226
38,41,0.5244
38,42,0.1939
38,43,0.4785
38,44,0.4466
38,45,0.5726
38,46,0.3555
38,47,0.5134
38,48,0.2032
38,49,0.1087
38,50,0.1609
38,51,0.4612
38,52,0.4839
38,53,0.1173
38,54,0.1595
38,55,0.5367
38,56,0.1181
38,57,0.4423
38,58,0.4285
38,59,0.4928
38,60,0.4906
38,61,0.1512
38,62,0.0922
38,63,0.5419
38,64,0.4661
38,65,0.0622
38,66,0.0983
38,67,0.4600
38,68,0.0835
38,69,0.1136
38,70,0.5110
38,71,0.3350
38,72,0.3339
38,73,0.3310
38,74,0.3337
38,75,0.3351
38,76,0.3373
38,77,0.3375
38,78,0.3343
38,79,0.3371
38,80,0.3401
38,81,0.3374
38,82,0.3440
38,83,0.3359
38,84,0.3410
38,85,0.3421
38,86,0.3429
38,87,0.3444
38,88,0.3423
38,89,0.3450
38,90,0.3422
38,91,0.3481
38,92,0.3472
38,93,0.3504
38,94,0.3508
38,95,0.3489
38,96,0.3513
38,97,0.3529
38,98,0.3552
38,99,0.3552
38,100,0.3757
39,40,0.4742
39,41,0.4582
39,42,0.2924
39,43,0.4438
39,44,0.4149
39,45,0.5125
39,46,0.3856
39,47,0.4470
39,48,0.1898
39,49,0.1084
39,50,0.1502
39,51,0.4836
39,52,0.5511
39,53,0.1128
39,54,0.2060
39,55,0.4848
39,56,0.1278
39,57,0.4130
39,58,0.3995
39,59,0.4642
39,60,0.4334
39,61,0.2349
39,62,0.1492
39,63,0.4926
39,64,0.4307
39,65,0.1497
39,66,0.0671
39,67,0.4467
39,68,0.1302
39,69,0.1216
39,70,0.5285
39,71,0.3102
39,72,0.3136
39,73,0.3139
39,74,0.3158
39,75,0.3154
39,76,0.3178
39,77,0.3131
39,78,0.3104
39,79,0.3118
39,80,0.3174
39,81,0.3166
39,82,0.3182
39,83,0.3192
39,84,0.3197
39,85,0.3211
39,86,0.3203
39,87,0.3227
39,88,0.3182
39,89,0.3287
39,90,0.3184
39,91,0.3270
39,92,0.3270
39,93,0.3265
39,94,0.3255
39,95,0.3272
39,96,0.3273
39,97,0.3301
39,98,0.3373
39,99,0.3317
39,100,0.3532
40,41,0.5583
40,42,0.1915
40,43,0.5280
40,44,0.4895
40,45,0.5648
40,46,0.2837
40,47,0.4416
40,48,0.2007
40,49,0.1093
40,50,0.1626
40,51,0.5564
40,52,0.5921
40,53,0.1392
40,54,0.1508
40,55,0.5427
40,56,0.1158
40,57,0.4855
40,58,0.4705
40,59,0.5530
40,60,0.5214
40,61,0.1788
40,62,0.1019
40,63,0.5593
40,64,0.5091
40,65,0.1401
40,66,0.1076
40,67,0.5132
40,68,0.1219
40,69,0.1270
40,70,0.4844
40,71,0.3631
40,72,0.3629
40,73,0.3676
40,74,0.3650
40,75,0.3639
40,76,0.3672
40,77,0.3685
40,78,0.3667
40,79,0.3665
40,80,0.3718
40,81,0.3694
40,82,0.3719
40,83,0.3691
40,84,0.3684
40,85,0.3714
40,86,0.3713
40,87,0.3750
40,88,0.3713
40,89,0.3770
40,90,0.3749
40,91,0.3805
40,92,0.3800
40,93,0.3826
40,94,0.3789
40,95,0.3786
40,96,0.3854
40,97,0.3851
40,98,0.3905
40,99,0.3911
40,100,0.4113
41,42,0.2111
41,43,0.7893
41,44,0.7547
41,45,0.6679
41,46,0.3797
41,47,0.5720
41,48,0.1698
41,49,0.1661
41,50,0.2311
41,51,0.7747
41,52,0.7237
41,53,0.1865
41,54,0.1932
41,55,0.7458
41,56,0.1476
41,57,0.7512
41,58,0.7298
41,59,0.8128
41,60,0.8135
41,61,0.1555
41,62,0.1425
41,63,0.7516
41,64,0.8069
41,65,0.1822
41,66,0.1246
41,67,0.7801
41,68,0.1286
41,69,0.1352
41,70,0.6930
41,71,0.5510
41,72,0.5491
41,73,0.5538
41,74,0.5510
41,75,0.5542
41,76,0.5580
41,77,0.5547
41,78,0.5537
41,79,0.5554
41,80,0.5602
41,81,0.5576
41,82,0.5614
41,83,0.5635
41,84,0.5606
41,85,0.5618
41,86,0.5651
41,87,0.5665
41,88,0.5642
41,89,0.5713
41,90,0.5668
41,91,0.5736
41,92,0.5760
41,93,0.5790
41,94,0.5766
41,95,0.5765
41,96,0.5827
41,97,0.5871
41,98,0.5912
41,99,0.5935
41,100,0.6254
42,43,0.2257
42,44,0.2151
42,45,0.2376
42,46,0.2812
42,47,0.2336
42,48,0.0925
42,49,0.1521
42,50,0.1508
42,51,0.2455
42,52,0.2438
42,53,0.1305
42,54,0.1318
42,55,0.2229
42,56,0.1631
42,57,0.2152
42,58,0.2126
42,59,0.2183
42,60,0.1946
42,61,0.1242
42,62,0.1160
42,63,0.2412
42,64,0.2109
42,65,0.1319
42,66,0.1110
42,67,0.2222
42,68,0.1091
42,69,0.1432
42,70,0.2420
42,71,0.2009
42,72,0.2062
42,73,0.2003
42,74,0.2018
42,75,0.2023
42,76,0.2044
42,77,0.2009
42,78,0.2015
42,79,0.2040
42,80,0.2030
42,81,0.1999
42,82,0.2051
42,83,0.2043
42,84,0.2032
42,85,0.2043
42,86,0.2031
42,87,0.2051
42,88,0.2022
42,89,0.2071
42,90,0.2040
42,91,0.2056
42,92,0.2025
42,93,0.2070
42,94,0.2049
42,95,0.2010
42,96,0.2030
42,97,0.2032
42,98,0.2097
42,99,0.1987
42,100,0.2154
43,44,0.8333
43,45,0.6383
43,46,0.3818
43,47,0.5518
43,48,0.1675
43,49,0.1719
43,50,0.2451
43,51,0.7753
43,52,0.7114
43,53,0.1942
43,54,0.2168
43,55,0.7552
43,56,0.1704
43,57,0.8172
43,58,0.8015
43,59,0.8205
43,60,0.8185
43,61,0.1806
43,62,0.1835
43,63,0.7198
43,64,0.8332
43,65,0.2009
43,66,0.1618
43,67,0.8537
43,68,0.1596
43,69,0.1590
43,70,0.7083
43,71,0.6018
43,72,0.6022
43,73,0.6058
43,74,0.6046
43,75,0.6066
43,76,0.6103
43,77,0.6073
43,78,0.6067
43,79,0.6109
43,80,0.6143
43,81,0.6106
43,82,0.6156
43,83,0.6176
43,84,0.6168
43,85,0.6149
43,86,0.6183
43,87,0.6201
43,88,0.6202
43,89,0.6255
43,90,0.6236
43,91,0.6311
43,92,0.6307
43,93,0.6352
43,94,0.6329
43,95,0.6351
43,96,0.6410
43,97,0.6422
43,98,0.6472
43,99,0.6495
43,100,0.6866
44,45,0.5833
44,46,0.3513
44,47,0.5084
44,48,0.1534
44,49,0.1851
44,50,0.2772
44,51,0.7412
44,52,0.6701
44,53,0.2175
44,54,0.2144
44,55,0.7010
44,56,0.1640
44,57,0.8852
44,58,0.8687
44,59,0.7925
44,60,0.8005
44,61,0.1794
44,62,0.1966
44,63,0.6682
44,64,0.8269
44,65,0.1888
44,66,0.1705
44,67,0.8311
44,68,0.1689
44,69,0.1677
44,70,0.6620
44,71,0.6497
44,72,0.6505
44,73,0.6525
44,74,0.6503
44,75,0.6568
44,76,0.6575
44,77,0.6556
44,78,0.6563
44,79,0.6554
44,80,0.6638
44,81,0.6587
44,82,0.6653
44,83,0.6670
44,84,0.6656
44,85,0.6653
44,86,0.6684
44,87,0.6711
44,88,0.6708
44,89,0.6756
44,90,0.6767
44,91,0.6804
44,92,0.6820
44,93,0.6865
44,94,0.6852
44,95,0.6878
44,96,0.6927
44,97,0.6971
44,98,0.7018
44,99,0.7040
44,100,0.7430
45,46,0.4240
45,47,0.6516
45,48,0.1846
45,49,0.1393
45,50,0.1944
45,51,0.6356
45,52,0.6418
45,53,0.1492
45,54,0.1983
45,55,0.7057
45,56,0.1768
45,57,0.5757
45,58,0.5604
45,59,0.6528
45,60,0.6287
45,61,0.1956
45,62,0.1485
45,63,0.6947
45,64,0.6095
45,65,0.2009
45,66,0.1428
45,67,0.6312
45,68,0.1262
45,69,0.1170
45,70,0.6844
45,71,0.4327
45,72,0.4307
45,73,0.4345
45,74,0.4340
45,75,0.4355
45,76,0.4388
45,77,0.4355
45,78,0.4328
45,79,0.4351
45,80,0.4400
45,81,0.4380
45,82,0.4444
45,83,0.4422
45,84,0.4444
45,85,0.4415
45,86,0.4464
45,87,0.4454
45,88,0.4440
45,89,0.4521
45,90,0.4462
45,91,0.4510
45,92,0.4548
45,93,0.4573
45,94,0.4531
45,95,0.4551
45,96,0.4558
45,97,0.4594
45,98,0.4644
45,99,0.4634
45,100,0.4899
46,47,0.3784
46,48,0.1492
46,49,0.1164
46,50,0.1411
46,51,0.4038
46,52,0.4097
46,53,0.1112
46,54,0.1993
46,55,0.4319
46,56,0.2140
46,57,0.3447
46,58,0.3395
46,59,0.3772
46,60,0.3766
46,61,0.1290
46,62,0.1314
46,63,0.3923
46,64,0.3592
46,65,0.2804
46,66,0.1518
46,67,0.3745
46,68,0.0685
46,69,0.1104
46,70,0.3991
46,71,0.2768
46,72,0.2781
46,73,0.2730
46,74,0.2763
46,75,0.2755
46,76,0.2790
46,77,0.2774
46,78,0.2771
46,79,0.2768
46,80,0.2810
46,81,0.2820
46,82,0.2822
46,83,0.2813
46,84,0.2833
46,85,0.2821
46,86,0.2846
46,87,0.2824
46,88,0.2843
46,89,0.2850
46,90,0.2805
46,91,0.2878
46,92,0.2837
46,93,0.2856
46,94,0.2876
46,95,0.2853
46,96,0.2911
46,97,0.2865
46,98,0.2943
46,99,0.2875
46,100,0.3073
47,48,0.1847
47,49,0.1269
47,50,0.1718
47,51,0.5587
47,52,0.5693
47,53,0.1364
47,54,0.2096
47,55,0.6163
47,56,0.1793
47,57,0.4990
47,58,0.4901
47,59,0.5733
47,60,0.5486
47,61,0.1585
47,62,0.1674
47,63,0.5950
47,64,0.5321
47,65,0.1786
47,66,0.1005
47,67,0.5476
47,68,0.1443
47,69,0.0956
47,70,0.6180
47,71,0.3841
47,72,0.3861
47,73,0.3868
47,74,0.3861
47,75,0.3869
47,76,0.3905
47,77,0.3878
47,78,0.3865
47,79,0.3888
47,80,0.3926
47,81,0.3907
47,82,0.3963
47,83,0.3920
47,84,0.3950
47,85,0.3911
47,86,0.3958
47,87,0.3981
47,88,0.3962
47,89,0.4003
47,90,0.3983
47,91,0.4014
47,92,0.4006
47,93,0.4047
47,94,0.4017
47,95,0.4063
47,96,0.4018
47,97,0.4111
47,98,0.4109
47,99,0.4106
47,100,0.4341
48,49,0.2081
48,50,0.1224
48,51,0.1658
48,52,0.1759
48,53,0.1142
48,54,0.1705
48,55,0.1748
48,56,0.1378
48,57,0.1495
48,58,0.1473
48,59,0.1714
48,60,0.1628
48,61,0.1582
48,62,0.1409
48,63,0.1855
48,64,0.1582
48,65,0.0580
48,66,0.1110
48,67,0.1499
48,68,0.1563
48,69,0.1558
48,70,0.1766
48,71,0.1636
48,72,0.1667
48,73,0.1619
48,74,0.1593
48,75,0.1617
48,76,0.1703
48,77,0.1647
48,78,0.1647
48,79,0.1614
48,80,0.1634
48,81,0.1630
48,82,0.1676
48,83,0.1657
48,84,0.1658
48,85,0.1656
48,86,0.1594
48,87,0.1653
48,88,0.1628
48,89,0.1699
48,90,0.1635
48,91,0.1622
48,92,0.1669
48,93,0.1623
48,94,0.1653
48,95,0.1631
48,96,0.1630
48,97,0.1638
48,98,0.1588
48,99,0.1577
48,100,0.1673
49,50,0.3517
49,51,0.1493
49,52,0.1380
49,53,0.3000
49,54,0.2229
49,55,0.1461
49,56,0.1485
49,57,0.1863
49,58,0.1840
49,59,0.1622
49,60,0.1725
49,61,0.1898
49,62,0.3323
49,63,0.1545
49,64,0.1735
49,65,0.1627
49,66,0.2090
49,67,0.1672
49,68,0.2867
49,69,0.2270
49,70,0.1297
49,71,0.3019
49,72,0.3077
49,73,0.3015
49,74,0.2962
49,75,0.2923
49,76,0.3031
49,77,0.2994
49,78,0.2984
49,79,0.2974
49,80,0.2973
49,81,0.2952
49,82,0.2980
49,83,0.3000
49,84,0.2970
49,85,0.2952
49,86,0.2947
49,87,0.2971
49,88,0.2977
49,89,0.3028
49,90,0.2924
49,91,0.2921
49,92,0.2907
49,93,0.2932
49,94,0.2910
49,95,0.2887
49,96,0.2916
49,97,0.2868
49,98,0.2838
49,99,0.2788
49,100,0.2878
50,51,0.2146
50,52,0.1952
50,53,0.4138
50,54,0.1811
50,55,0.2174
50,56,0.1593
50,57,0.2773
50,58,0.2739
50,59,0.2397
50,60,0.2457
50,61,0.1453
50,62,0.2753
50,63,0.1969
50,64,0.2555
50,65,0.1593
50,66,0.2056
50,67,0.2429
50,68,0.2444
50,69,0.2597
50,70,0.1924
50,71,0.4453
50,72,0.4530
50,73,0.4476
50,74,0.4335
50,75,0.4391
50,76,0.4456
50,77,0.4409
50,78,0.4446
50,79,0.4356
50,80,0.4403
50,81,0.4409
50,82,0.4378
50,83,0.4419
50,84,0.4328
50,85,0.4316
50,86,0.4322
50,87,0.4381
50,88,0.4344
50,89,0.4392
50,90,0.4247
50,91,0.4331
50,92,0.4245
50,93,0.4265
50,94,0.4215
50,95,0.4187
50,96,0.4189
50,97,0.4149
50,98,0.4114
50,99,0.4011
50,100,0.4197
51,52,0.7459
51,53,0.1749
51,54,0.2070
51,55,0.7223
51,56,0.1650
51,57,0.7337
51,58,0.7181
51,59,0.7816
51,60,0.7675
51,61,0.1586
51,62,0.1304
51,63,0.7129
51,64,0.7732
51,65,0.1958
51,66,0.1430
51,67,0.7706
51,68,0.1461
51,69,0.1405
51,70,0.7057
51,71,0.5401
51,72,0.5408
51,73,0.5460
51,74,0.5404
51,75,0.5433
51,76,0.5463
51,77,0.5423
51,78,0.5461
51,79,0.5449
51,80,0.5535
51,81,0.5501
51,82,0.5525
51,83,0.5503
51,84,0.5544
51,85,0.5542
51,86,0.5550
51,87,0.5575
51,88,0.5538
51,89,0.5606
51,90,0.5569
51,91,0.5650
51,92,0.5637
51,93,0.5693
51,94,0.5678
51,95,0.5677
51,96,0.5728
51,97,0.5734
51,98,0.5850
51,99,0.5853
51,100,0.6168
52,53,0.1550
52,54,0.2312
52,55,0.7095
52,56,0.1845
52,57,0.6626
52,58,0.6444
52,59,0.7282
52,60,0.7058
52,61,0.1941
52,62,0.1647
52,63,0.6943
52,64,0.7030
52,65,0.2116
52,66,0.1428
52,67,0.7103
52,68,0.1327
52,69,0.1514
52,70,0.7147
52,71,0.4856
52,72,0.4900
52,73,0.4891
52,74,0.4877
52,75,0.4896
52,76,0.4939
52,77,0.4910
52,78,0.4922
52,79,0.4909
52,80,0.4969
52,81,0.4933
52,82,0.4983
52,83,0.4986
52,84,0.4988
52,85,0.4987
52,86,0.4989
52,87,0.5008
52,88,0.4979
52,89,0.5070
52,90,0.5041
52,91,0.5088
52,92,0.5098
52,93,0.5118
52,94,0.5085
52,95,0.5144
52,96,0.5185
52,97,0.5173
52,98,0.5239
52,99,0.5240
52,100,0.5546
53,54,0.1830
53,55,0.1599
53,56,0.1172
53,57,0.2218
53,58,0.2219
53,59,0.1921
53,60,0.1947
53,61,0.1569
53,62,0.2404
53,63,0.1639
53,64,0.2029
53,65,0.1440
53,66,0.2165
53,67,0.1952
53,68,0.2272
53,69,0.2565
53,70,0.1510
53,71,0.3469
53,72,0.3530
53,73,0.3486
53,74,0.3397
53,75,0.3449
53,76,0.3493
53,77,0.3434
53,78,0.3456
53,79,0.3418
53,80,0.3444
53,81,0.3395
53,82,0.3399
53,83,0.3447
53,84,0.3364
53,85,0.3378
53,86,0.3342
53,87,0.3393
53,88,0.3379
53,89,0.3439
53,90,0.3301
53,91,0.3399
53,92,0.3340
53,93,0.3373
53,94,0.3325
53,95,0.3298
53,96,0.3308
53,97,0.3270
53,98,0.3243
53,99,0.3184
53,100,0.3318
54,55,0.2249
54,56,0.1961
54,57,0.2177
54,58,0.2044
54,59,0.2104
54,60,0.2188
54,61,0.3010
54,62,0.3108
54,63,0.1775
54,64,0.2110
54,65,0.1930
54,66,0.1259
54,67,0.2160
54,68,0.1508
54,69,0.1441
54,70,0.2056
54,71,0.2319
54,72,0.2377
54,73,0.2370
54,74,0.2335
54,75,0.2327
54,76,0.2401
54,77,0.2354
54,78,0.2337
54,79,0.2340
54,80,0.2351
54,81,0.2354
54,82,0.2365
54,83,0.2390
54,84,0.2392
54,85,0.2344
54,86,0.2362
54,87,0.2375
54,88,0.2312
54,89,0.2443
54,90,0.2321
54,91,0.2359
54,92,0.2361
54,93,0.2337
54,94,0.2373
54,95,0.2329
54,96,0.2340
54,97,0.2333
54,98,0.2367
54,99,0.2302
54,100,0.2424
55,56,0.1726
55,57,0.6867
55,58,0.6706
55,59,0.7603
55,60,0.7530
55,61,0.1855
55,62,0.1674
55,63,0.7322
55,64,0.7420
55,65,0.2004
55,66,0.1263
55,67,0.7476
55,68,0.1194
55,69,0.1230
55,70,0.7412
55,71,0.5118
55,72,0.5115
55,73,0.5131
55,74,0.5116
55,75,0.5126
55,76,0.5187
55,77,0.5166
55,78,0.5157
55,79,0.5166
55,80,0.5232
55,81,0.5185
55,82,0.5228
55,83,0.5224
55,84,0.5239
55,85,0.5220
55,86,0.5232
55,87,0.5250
55,88,0.5234
55,89,0.5298
55,90,0.5260
55,91,0.5330
55,92,0.5336
55,93,0.5373
55,94,0.5355
55,95,0.5389
55,96,0.5425
55,97,0.5420
55,98,0.5502
55,99,0.5507
55,100,0.5802
56,57,0.1621
56,58,0.1587
56,59,0.1707
56,60,0.1715
56,61,0.2033
56,62,0.2002
56,63,0.1548
56,64,0.1601
56,65,0.3123
56,66,0.0916
56,67,0.1606
56,68,0.0825
56,69,0.1397
56,70,0.1649
56,71,0.1658
56,72,0.1664
56,73,0.1639
56,74,0.1669
56,75,0.1675
56,76,0.1720
56,77,0.1676
56,78,0.1681
56,79,0.1675
56,80,0.1664
56,81,0.1657
56,82,0.1686
56,83,0.1695
56,84,0.1689
56,85,0.1661
56,86,0.1631
56,87,0.1673
56,88,0.1704
56,89,0.1678
56,90,0.1683
56,91,0.1693
56,92,0.1670
56,93,0.1687
56,94,0.1675
56,95,0.1645
56,96,0.1668
56,97,0.1629
56,98,0.1679
56,99,0.1666
56,100,0.1731
57,58,0.8861
57,59,0.7858
57,60,0.7931
57,61,0.1827
57,62,0.1991
57,63,0.6618
57,64,0.8291
57,65,0.1908
57,66,0.1730
57,67,0.8234
57,68,0.1737
57,69,0.1737
57,70,0.6559
57,71,0.6587
57,72,0.6604
57,73,0.6618
57,74,0.6608
57,75,0.6638
57,76,0.6667
57,77,0.6657
57,78,0.6636
57,79,0.6661
57,80,0.6730
57,81,0.6702
57,82,0.6746
57,83,0.6755
57,84,0.6760
57,85,0.6737
57,86,0.6786
57,87,0.6793
57,88,0.6799
57,89,0.6852
57,90,0.6840
57,91,0.6912
57,92,0.6911
57,93,0.6956
57,94,0.6930
57,95,0.6972
57,96,0.7026
57,97,0.7065
57,98,0.7105
57,99,0.7137
57,100,0.7533
58,59,0.7693
58,60,0.7760
58,61,0.1692
58,62,0.1935
58,63,0.6415
58,64,0.8193
58,65,0.1909
58,66,0.1713
58,67,0.7987
58,68,0.1708
58,69,0.1641
58,70,0.6371
58,71,0.6639
58,72,0.6623
58,73,0.6687
58,74,0.6673
58,75,0.6680
58,76,0.6713
58,77,0.6698
58,78,0.6705
58,79,0.6714
58,80,0.6804
58,81,0.6743
58,82,0.6817
58,83,0.6831
58,84,0.6825
58,85,0.6828
58,86,0.6829
58,87,0.6861
58,88,0.6865
58,89,0.6928
58,90,0.6902
58,91,0.6973
58,92,0.6995
58,93,0.7048
58,94,0.7033
58,95,0.7034
58,96,0.7105
58,97,0.7159
58,98,0.7217
58,99,0.7235
58,100,0.7633
59,60,0.8115
59,61,0.1733
59,62,0.1813
59,63,0.7361
59,64,0.8235
59,65,0.1931
59,66,0.1605
59,67,0.8243
59,68,0.1575
59,69,0.1568
59,70,0.7160
59,71,0.5795
59,72,0.5783
59,73,0.5812
59,74,0.5810
59,75,0.5817
59,76,0.5849
59,77,0.5823
59,78,0.5815
59,79,0.5843
59,80,0.5893
59,81,0.5867
59,82,0.5893
59,83,0.5894
59,84,0.5930
59,85,0.5901
59,86,0.5937
59,87,0.5968
59,88,0.5953
59,89,0.6008
59,90,0.5975
59,91,0.6036
59,92,0.6071
59,93,0.6111
59,94,0.6068
59,95,0.6112
59,96,0.6114
59,97,0.6173
59,98,0.6261
59,99,0.6250
59,100,0.6590
60,61,0.1735
60,62,0.1854
60,63,0.7177
60,64,0.8415
60,65,0.1864
60,66,0.1285
60,67,0.8067
60,68,0.1439
60,69,0.1540
60,70,0.6890
60,71,0.5887
60,72,0.5870
60,73,0.5899
60,74,0.5887
60,75,0.5910
60,76,0.5975
60,77,0.5922
60,78,0.5945
60,79,0.5924
60,80,0.5985
60,81,0.5966
60,82,0.6015
60,83,0.6003
60,84,0.6015
60,85,0.6012
60,86,0.6023
60,87,0.6045
60,88,0.6032
60,89,0.6122
60,90,0.6083
60,91,0.6124
60,92,0.6146
60,93,0.6204
60,94,0.6162
60,95,0.6179
60,96,0.6241
60,97,0.6263
60,98,0.6322
60,99,0.6346
60,100,0.6683
61,62,0.3113
61,63,0.1591
61,64,0.1828
61,65,0.1711
61,66,0.1275
61,67,0.1728
61,68,0.1151
61,69,0.1609
61,70,0.1860
61,71,0.2062
61,72,0.2146
61,73,0.2146
61,74,0.2087
61,75,0.2174
61,76,0.2139
61,77,0.2100
61,78,0.2104
61,79,0.2112
61,80,0.2187
61,81,0.2152
61,82,0.2128
61,83,0.2177
61,84,0.2125
61,85,0.2095
61,86,0.2030
61,87,0.2150
61,88,0.2110
61,89,0.2184
61,90,0.2079
61,91,0.2104
61,92,0.2149
61,93,0.2112
61,94,0.2083
61,95,0.2109
61,96,0.2114
61,97,0.2077
61,98,0.2141
61,99,0.2082
61,100,0.2177
62,63,0.1270
62,64,0.1900
62,65,0.1736
62,66,0.2327
62,67,0.1805
62,68,0.2747
62,69,0.1982
62,70,0.1624
62,71,0.3042
62,72,0.3134
62,73,0.3042
62,74,0.3005
62,75,0.3016
62,76,0.3108
62,77,0.3057
62,78,0.3055
62,79,0.3014
62,80,0.3054
62,81,0.2992
62,82,0.3027
62,83,0.3057
62,84,0.3066
62,85,0.2991
62,86,0.2984
62,87,0.3033
62,88,0.3024
62,89,0.3091
62,90,0.3010
62,91,0.3055
62,92,0.2977
62,93,0.2990
62,94,0.3001
62,95,0.2966
62,96,0.2957
62,97,0.2927
62,98,0.2877
62,99,0.2844
62,100,0.2939
63,64,0.7053
63,65,0.1729
63,66,0.1301
63,67,0.7161
63,68,0.1251
63,69,0.1280
63,70,0.6788
63,71,0.4874
63,72,0.4871
63,73,0.4878
63,74,0.4889
63,75,0.4905
63,76,0.4933
63,77,0.4905
63,78,0.4905
63,79,0.4916
63,80,0.4992
63,81,0.4924
63,82,0.4985
63,83,0.4959
63,84,0.4988
63,85,0.4986
63,86,0.5007
63,87,0.5011
63,88,0.5008
63,89,0.5059
63,90,0.5048
63,91,0.5073
63,92,0.5092
63,93,0.5172
63,94,0.5137
63,95,0.5141
63,96,0.5155
63,97,0.5194
63,98,0.5234
63,99,0.5264
63,100,0.5541
64,65,0.1826
64,66,0.1292
64,67,0.8268
64,68,0.1493
64,69,0.1591
64,70,0.6946
64,71,0.6158
64,72,0.6143
64,73,0.6188
64,74,0.6155
64,75,0.6199
64,76,0.6235
64,77,0.6198
64,78,0.6198
64,79,0.6213
64,80,0.6283
64,81,0.6237
64,82,0.6287
64,83,0.6305
64,84,0.6296
64,85,0.6292
64,86,0.6306
64,87,0.6313
64,88,0.6326
64,89,0.6382
64,90,0.6357
64,91,0.6419
64,92,0.6430
64,93,0.6493
64,94,0.6453
64,95,0.6479
64,96,0.6511
64,97,0.6575
64,98,0.6606
64,99,0.6646
64,100,0.7001
65,66,0.1862
65,67,0.1967
65,68,0.0792
65,69,0.1305
65,70,0.1842
65,71,0.2052
65,72,0.2065
65,73,0.2051
65,74,0.2052
65,75,0.2016
65,76,0.2063
65,77,0.2051
65,78,0.2050
65,79,0.2055
65,80,0.2044
65,81,0.2055
65,82,0.2038
65,83,0.2078
65,84,0.2016
65,85,0.2032
65,86,0.2026
65,87,0.2042
65,88,0.2059
65,89,0.2066
65,90,0.2023
65,91,0.2085
65,92,0.2029
65,93,0.2035
65,94,0.2045
65,95,0.2009
65,96,0.2016
65,97,0.1996
65,98,0.2053
65,99,0.2029
65,100,0.2118
66,67,0.1590
66,68,0.1759
66,69,0.1835
66,70,0.1361
66,71,0.2414
66,72,0.2479
66,73,0.2420
66,74,0.2413
66,75,0.2423
66,76,0.2446
66,77,0.2387
66,78,0.2431
66,79,0.2377
66,80,0.2396
66,81,0.2438
66,82,0.2388
66,83,0.2439
66,84,0.2408
66,85,0.2433
66,86,0.2345
66,87,0.2395
66,88,0.2415
66,89,0.2438
66,90,0.2363
66,91,0.2430
66,92,0.2338
66,93,0.2388
66,94,0.2318
66,95,0.2355
66,96,0.2363
66,97,0.2302
66,98,0.2270
66,99,0.2255
66,100,0.2358
67,68,0.1531
67,69,0.1554
67,70,0.7092
67,71,0.6045
67,72,0.6035
67,73,0.6068
67,74,0.6062
67,75,0.6075
67,76,0.6101
67,77,0.6071
67,78,0.6072
67,79,0.6098
67,80,0.6149
67,81,0.6113
67,82,0.6167
67,83,0.6188
67,84,0.6196
67,85,0.6174
67,86,0.6187
67,87,0.6223
67,88,0.6222
67,89,0.6266
67,90,0.6242
67,91,0.6313
67,92,0.6326
67,93,0.6372
67,94,0.6357
67,95,0.6365
67,96,0.6408
67,97,0.6441
67,98,0.6501
67,99,0.6529
67,100,0.6880
68,69,0.2236
68,70,0.1390
68,71,0.2664
68,72,0.2745
68,73,0.2700
68,74,0.2638
68,75,0.2603
68,76,0.2708
68,77,0.2668
68,78,0.2674
68,79,0.2631
68,80,0.2678
68,81,0.2638
68,82,0.2648
68,83,0.2669
68,84,0.2682
68,85,0.2598
68,86,0.2579
68,87,0.2627
68,88,0.2659
68,89,0.2730
68,90,0.2642
68,91,0.2641
68,92,0.2632
68,93,0.2646
68,94,0.2600
68,95,0.2589
68,96,0.2612
68,97,0.2568
68,98,0.2530
68,99,0.2526
68,100,0.2591
69,70,0.1571
69,71,0.2392
69,72,0.2481
69,73,0.2447
69,74,0.2350
69,75,0.2388
69,76,0.2472
69,77,0.2392
69,78,0.2369
69,79,0.2380
69,80,0.2394
69,81,0.2412
69,82,0.2383
69,83,0.2385
69,84,0.2363
69,85,0.2367
69,86,0.2344
69,87,0.2370
69,88,0.2387
69,89,0.2431
69,90,0.2317
69,91,0.2367
69,92,0.2343
69,93,0.2346
69,94,0.2310
69,95,0.2301
69,96,0.2331
69,97,0.2281
69,98,0.2301
69,99,0.2234
69,100,0.2339
70,71,0.4858
70,72,0.4888
70,73,0.4881
70,74,0.4872
70,75,0.4892
70,76,0.4921
70,77,0.4898
70,78,0.4886
70,79,0.4897
70,80,0.4953
70,81,0.4943
70,82,0.4978
70,83,0.4967
70,84,0.4976
70,85,0.4955
70,86,0.4966
70,87,0.5016
70,88,0.5002
70,89,0.5046
70,90,0.5018
70,91,0.5088
70,92,0.5072
70,93,0.5139
70,94,0.5096
70,95,0.5133
70,96,0.5137
70,97,0.5143
70,98,0.5247
70,99,0.5249
70,100,0.5525
71,72,0.9177
71,73,0.9193
71,74,0.9143
71,75,0.9132
71,76,0.9121
71,77,0.9074
71,78,0.9091
71,79,0.9066
71,80,0.9072
71,81,0.9016
71,82,0.9039
71,83,0.9024
71,84,0.9004
71,85,0.8973
71,86,0.8925
71,87,0.8976
71,88,0.8947
71,89,0.8934
71,90,0.8843
71,91,0.8896
71,92,0.8848
71,93,0.8812
71,94,0.8735
71,95,0.8701
71,96,0.8682
71,97,0.8657
71,98,0.8586
71,99,0.8484
71,100,0.8832
72,73,0.9211
72,74,0.9148
72,75,0.9159
72,76,0.9146
72,77,0.9105
72,78,0.9119
72,79,0.9075
72,80,0.9113
72,81,0.9029
72,82,0.9054
72,83,0.9049
72,84,0.9027
72,85,0.9018
72,86,0.8939
72,87,0.8981
72,88,0.8945
72,89,0.8970
72,90,0.8886
72,91,0.8909
72,92,0.8853
72,93,0.8851
72,94,0.8768
72,95,0.8718
72,96,0.8692
72,97,0.8670
72,98,0.8601
72,99,0.8503
72,100,0.8833
73,74,0.9204
73,75,0.9196
73,76,0.9199
73,77,0.9166
73,78,0.9160
73,79,0.9123
73,80,0.9154
73,81,0.9087
73,82,0.9101
73,83,0.9095
73,84,0.9056
73,85,0.9036
73,86,0.9017
73,87,0.9016
73,88,0.8989
73,89,0.9015
73,90,0.8918
73,91,0.8937
73,92,0.8894
73,93,0.8890
73,94,0.8787
73,95,0.8764
73,96,0.8738
73,97,0.8715
73,98,0.8661
73,99,0.8550
73,100,0.8885
74,75,0.9167
74,76,0.9176
74,77,0.9120
74,78,0.9112
74,79,0.9067
74,80,0.9108
74,81,0.9056
74,82,0.9077
74,83,0.9021
74,84,0.9031
74,85,0.9010
74,86,0.8954
74,87,0.8988
74,88,0.8940
74,89,0.8986
74,90,0.8873
74,91,0.8912
74,92,0.8835
74,93,0.8841
74,94,0.8753
74,95,0.8722
74,96,0.8713
74,97,0.8645
74,98,0.8628
74,99,0.8506
74,100,0.8842
75,76,0.9218
75,77,0.9154
75,78,0.9145
75,79,0.9106
75,80,0.9141
75,81,0.9090
75,82,0.9098
75,83,0.9068
75,84,0.9049
75,85,0.9040
75,86,0.8985
75,87,0.9023
75,88,0.8973
75,89,0.8997
75,90,0.8931
75,91,0.8959
75,92,0.8889
75,93,0.8870
75,94,0.8788
75,95,0.8770
75,96,0.8746
75,97,0.8719
75,98,0.8640
75,99,0.8573
75,100,0.8899
76,77,0.9180
76,78,0.9186
76,79,0.9159
76,80,0.9171
76,81,0.9108
76,82,0.9142
76,83,0.9132
76,84,0.9110
76,85,0.9076
76,86,0.9017
76,87,0.9061
76,88,0.9034
76,89,0.9047
76,90,0.8947
76,91,0.9003
76,92,0.8934
76,93,0.8929
76,94,0.8841
76,95,0.8795
76,96,0.8786
76,97,0.8759
76,98,0.8694
76,99,0.8591
76,100,0.8937
77,78,0.9188
77,79,0.9140
77,80,0.9183
77,81,0.9103
77,82,0.9138
77,83,0.9112
77,84,0.9085
77,85,0.9073
77,86,0.9038
77,87,0.9067
77,88,0.9003
77,89,0.9031
77,90,0.8966
77,91,0.8976
77,92,0.8930
77,93,0.8901
77,94,0.8825
77,95,0.8796
77,96,0.8787
77,97,0.8741
77,98,0.8692
77,99,0.8596
77,100,0.8920
78,79,0.9178
78,80,0.9192
78,81,0.9145
78,82,0.9152
78,83,0.9124
78,84,0.9112
78,85,0.9093
78,86,0.9070
78,87,0.9070
78,88,0.9048
78,89,0.9072
78,90,0.8967
78,91,0.9005
78,92,0.8923
78,93,0.8944
78,94,0.8837
78,95,0.8819
78,96,0.8798
78,97,0.8763
78,98,0.8696
78,99,0.8593
78,100,0.8939
79,80,0.9207
79,81,0.9136
79,82,0.9137
79,83,0.9095
79,84,0.9091
79,85,0.9077
79,86,0.9033
79,87,0.9065
79,88,0.8995
79,89,0.9054
79,90,0.8972
79,91,0.9006
79,92,0.8911
79,93,0.8895
79,94,0.8850
79,95,0.8807
79,96,0.8787
79,97,0.8725
79,98,0.8677
79,99,0.8603
79,100,0.8922
80,81,0.9195
80,82,0.9226
80,83,0.9187
80,84,0.9166
80,85,0.9134
80,86,0.9118
80,87,0.9140
80,88,0.9088
80,89,0.9095
80,90,0.9021
80,91,0.9076
80,92,0.9005
80,93,0.8978
80,94,0.8889
80,95,0.8887
80,96,0.8870
80,97,0.8823
80,98,0.8740
80,99,0.8646
80,100,0.8998
81,82,0.9192
81,83,0.9162
81,84,0.9136
81,85,0.9134
81,86,0.9068
81,87,0.9104
81,88,0.9075
81,89,0.9075
81,90,0.8988
81,91,0.9031
81,92,0.8974
81,93,0.8958
81,94,0.8877
81,95,0.8828
81,96,0.8818
81,97,0.8791
81,98,0.8727
81,99,0.8632
81,100,0.8962
82,83,0.9212
82,84,0.9199
82,85,0.9181
82,86,0.9150
82,87,0.9165
82,88,0.9134
82,89,0.9155
82,90,0.9064
82,91,0.9083
82,92,0.9034
82,93,0.9034
82,94,0.8931
82,95,0.8918
82,96,0.8869
82,97,0.8840
82,98,0.8781
82,99,0.8696
82,100,0.9021
83,84,0.9182
83,85,0.9175
83,86,0.9143
83,87,0.9147
83,88,0.9088
83,89,0.9143
83,90,0.9053
83,91,0.9080
83,92,0.8998
83,93,0.9007
83,94,0.8923
83,95,0.8897
83,96,0.8876
83,97,0.8813
83,98,0.8778
83,99,0.8685
83,100,0.9015
84,85,0.9200
84,86,0.9150
84,87,0.9168
84,88,0.9118
84,89,0.9142
84,90,0.9069
84,91,0.9104
84,92,0.9027
84,93,0.9000
84,94,0.8939
84,95,0.8912
84,96,0.8898
84,97,0.8833
84,98,0.8763
84,99,0.8695
84,100,0.9024
85,86,0.9192
85,87,0.9200
85,88,0.9150
85,89,0.9155
85,90,0.9095
85,91,0.9132
85,92,0.9046
85,93,0.9032
85,94,0.8978
85,95,0.8958
85,96,0.8922
85,97,0.8886
85,98,0.8801
85,99,0.8716
85,100,0.9061
86,87,0.9190
86,88,0.9145
86,89,0.9157
86,90,0.9089
86,91,0.9114
86,92,0.9060
86,93,0.9021
86,94,0.8975
86,95,0.8930
86,96,0.8934
86,97,0.8884
86,98,0.8813
86,99,0.8724
86,100,0.9059
87,88,0.9194
87,89,0.9215
87,90,0.9125
87,91,0.9162
87,92,0.9079
87,93,0.9090
87,94,0.8997
87,95,0.8987
87,96,0.8941
87,97,0.8891
87,98,0.8874
87,99,0.8763
87,100,0.9098
88,89,0.9206
88,90,0.9131
88,91,0.9160
88,92,0.9076
88,93,0.9069
88,94,0.8986
88,95,0.8963
88,96,0.8955
88,97,0.8892
88,98,0.8839
88,99,0.8744
88,100,0.9088
89,90,0.9175
89,91,0.9237
89,92,0.9161
89,93,0.9133
89,94,0.9042
89,95,0.9030
89,96,0.9020
89,97,0.8970
89,98,0.8902
89,99,0.8806
89,100,0.9150
90,91,0.9207
90,92,0.9113
90,93,0.9104
90,94,0.9017
90,95,0.8991
90,96,0.8979
90,97,0.8930
90,98,0.8860
90,99,0.8792
90,100,0.9112
91,92,0.9185
91,93,0.9180
91,94,0.9110
91,95,0.9074
91,96,0.9036
91,97,0.9002
91,98,0.8954
91,99,0.8886
91,100,0.9193
92,93,0.9178
92,94,0.9108
92,95,0.9092
92,96,0.9056
92,97,0.8993
92,98,0.8960
92,99,0.8885
92,100,0.9201
93,94,0.9150
93,95,0.9143
93,96,0.9118
93,97,0.9054
93,98,0.8985
93,99,0.8913
93,100,0.9251
94,95,0.9147
94,96,0.9114
94,97,0.9080
94,98,0.8994
94,99,0.8913
94,100,0.9254
95,96,0.9178
95,97,0.9134
95,98,0.9064
95,99,0.8987
95,100,0.9307
96,97,0.9171
96,98,0.9123
96,99,0.9036
96,100,0.9365
97,98,0.9141
97,99,0.9068
97,100,0.9394
98,99,0.9117
98,100,0.9471
99,100,0.9497
